,Date,Income,Tax,SuperContrib,SuperBalance,SuperValue,LoanDebt,Expenses,RemainingIncome,SavedAmt
0,2020-01-01,4333.333333333333,703.8895833333332,411.66666666666663,1411.6666666666665,1411.6666666666665,0.0,2376.0060744885836,1253.4376755114163,313.35941887785407
1,2020-02-01,4333.333333333333,703.8895833333332,411.66666666666663,1613.5555555555554,1621.6233333333328,0.0,2000.0,1629.44375,407.3609375
2,2020-03-01,4333.333333333333,703.8895833333332,411.66666666666663,1815.4444444444443,1832.6297833333326,0.0,2000.0,1629.44375,407.3609375
3,2020-04-01,4333.333333333333,703.8895833333332,411.66666666666663,2017.3333333333333,2044.6912655833323,0.0,1670.4893918059072,1958.9543581940925,489.7385895485231
4,2020-05-01,4333.333333333333,703.8895833333332,411.66666666666663,2219.222222222222,2257.8130552445823,0.0,2050.6916995606484,1578.7520504393515,394.68801260983787
5,2020-06-01,4333.333333333333,703.8895833333332,411.66666666666663,2421.111111111111,2472.000453854138,0.0,1658.0644270145865,1971.3793229854132,492.8448307463533
6,2020-07-01,4333.333333333333,703.8895833333332,411.66666666666663,2622.9999999999995,2687.2587894567414,0.0,2206.3282417078867,1423.1155082921132,355.7788770730283
7,2020-08-01,4333.333333333333,703.8895833333332,411.66666666666663,2824.8888888888882,2903.593416737358,0.0,2000.0,1629.44375,407.3609375
8,2020-09-01,4333.333333333333,703.8895833333332,411.66666666666663,3026.777777777777,3121.0097171543775,0.0,2000.0,1629.44375,407.3609375
9,2020-10-01,4333.333333333333,703.8895833333332,411.66666666666663,3228.6666666666656,3339.5130990734824,0.0,2000.0,1629.44375,407.3609375
10,2020-11-01,4333.333333333333,703.8895833333332,411.66666666666663,3430.5555555555543,3559.1089979021826,0.0,2000.0,1629.44375,407.3609375
11,2020-12-01,4333.333333333333,703.8895833333332,411.66666666666663,3632.444444444443,3779.8028762250265,0.0,2000.0,1629.44375,407.3609375
12,2021-01-01,4333.333333333333,703.8895833333332,411.66666666666663,3834.3333333333317,4001.6002239394843,1583.51,1911.0150150960283,134.9187349039712,33.7296837259928
13,2021-02-01,4333.333333333333,703.8895833333332,411.66666666666663,4036.2222222222204,4224.506558392515,1583.51,1829.1771878518894,216.7565621481108,54.1891405370277
14,2021-03-01,4333.333333333333,703.8895833333332,411.66666666666663,4238.1111111111095,4448.527424517812,1583.51,1760.823140740242,285.11060925975744,71.27765231493936
15,2021-04-01,4333.333333333333,703.8895833333332,411.66666666666663,4439.999999999998,4673.668394973734,1583.51,2000.0,45.933749999999236,11.483437499999809
16,2021-05-01,4333.333333333333,703.8895833333332,411.66666666666663,4641.888888888887,4899.9350702819365,1583.51,2000.0,45.933749999999236,11.483437499999809
17,2021-06-01,4333.333333333333,703.8895833333332,411.66666666666663,4843.777777777776,5127.33307896668,1583.51,2000.0,45.933749999999236,11.483437499999809
18,2021-07-01,4333.333333333333,703.8895833333332,411.66666666666663,5045.666666666664,5355.868077694847,1583.51,1946.0024112533704,99.93133874662908,24.98283468665727
19,2021-08-01,4333.333333333333,703.8895833333332,411.66666666666663,5247.555555555553,5585.545751416655,1583.51,2000.0,45.933749999999236,11.483437499999809
20,2021-09-01,4333.333333333333,703.8895833333332,411.66666666666663,5449.444444444442,5816.371813507071,1583.51,2000.0,45.933749999999236,11.483437499999809
21,2021-10-01,4333.333333333333,703.8895833333332,411.66666666666663,5651.33333333333,6048.35200590794,1583.51,2000.0,45.933749999999236,11.483437499999809
22,2021-11-01,4333.333333333333,703.8895833333332,411.66666666666663,5853.222222222219,6281.492099270813,1583.51,2000.0,45.933749999999236,11.483437499999809
23,2021-12-01,4333.333333333333,703.8895833333332,411.66666666666663,6055.111111111108,6515.7978931005,1583.51,2000.0,45.933749999999236,11.483437499999809
24,2022-01-01,4333.333333333333,703.8895833333332,411.66666666666663,6256.999999999996,6751.275215899336,1583.51,2000.0,45.933749999999236,11.483437499999809
25,2022-02-01,4333.333333333333,703.8895833333332,411.66666666666663,6458.888888888885,6987.929925312166,1583.51,2178.872614423705,-132.93886442370513,0.0
26,2022-03-01,4333.333333333333,703.8895833333332,411.66666666666663,6660.777777777774,7225.767908272061,1583.51,2061.9702465281384,-16.03649652813874,0.0
27,2022-04-01,4333.333333333333,703.8895833333332,411.66666666666663,6862.666666666662,7464.7950811467545,1583.51,2202.334717828131,-156.4009678281318,0.0
28,2022-05-01,4333.333333333333,703.8895833333332,411.66666666666663,7064.555555555551,7705.017389885821,1583.51,1600.3668563521965,445.5668936478032,111.3917234119508
29,2022-06-01,4333.333333333333,703.8895833333332,411.66666666666663,7266.44444444444,7946.440810168583,1583.51,2000.0,45.933749999999236,11.483437499999809
30,2022-07-01,4333.333333333333,703.8895833333332,411.66666666666663,7468.3333333333285,8189.071347552759,1583.51,1992.049916916206,53.883833083793434,13.470958270948358
31,2022-08-01,4333.333333333333,703.8895833333332,411.66666666666663,7670.222222222217,8432.915037623856,1583.51,2000.0,45.933749999999236,11.483437499999809
32,2022-09-01,4333.333333333333,703.8895833333332,411.66666666666663,7872.111111111106,8677.977946145307,1583.51,1671.923507712187,374.0102422878126,93.50256057195315
33,2022-10-01,4333.333333333333,703.8895833333332,411.66666666666663,8073.9999999999945,8924.266169209366,1583.51,2000.0,45.933749999999236,11.483437499999809
34,2022-11-01,4333.333333333333,703.8895833333332,411.66666666666663,8275.888888888883,9171.785833388745,1583.51,1922.2700574941452,123.66369250585467,30.915923126463667
35,2022-12-01,4333.333333333333,703.8895833333332,411.66666666666663,8477.777777777772,9420.543095889021,1583.51,2000.0,45.933749999999236,11.483437499999809
36,2023-01-01,4333.333333333333,703.8895833333332,411.66666666666663,8679.66666666666,9670.544144701798,1583.51,1886.4852265194181,159.44852348058157,39.86213087014539
37,2023-02-01,4333.333333333333,703.8895833333332,411.66666666666663,8881.55555555555,9921.79519875864,1583.51,2172.6073399897764,-126.6735899897767,0.0
38,2023-03-01,4333.333333333333,703.8895833333332,411.66666666666663,9083.444444444438,10174.302508085766,1583.51,2000.0,45.933749999999236,11.483437499999809
39,2023-04-01,4333.333333333333,703.8895833333332,411.66666666666663,9285.333333333327,10428.072353959527,1583.51,2000.0,45.933749999999236,11.483437499999809
40,2023-05-01,4333.333333333333,703.8895833333332,411.66666666666663,9487.222222222215,10683.111049062658,1583.51,2000.0,45.933749999999236,11.483437499999809
41,2023-06-01,4333.333333333333,703.8895833333332,411.66666666666663,9689.111111111104,10939.424937641303,1583.51,2000.0,45.933749999999236,11.483437499999809
42,2023-07-01,4333.333333333333,703.8895833333332,411.66666666666663,9890.999999999993,11197.020395662841,1583.51,2000.0,45.933749999999236,11.483437499999809
43,2023-08-01,4333.333333333333,703.8895833333332,411.66666666666663,10092.888888888881,11455.903830974486,1583.51,2221.827506999251,-175.8937569992513,0.0
44,2023-09-01,4333.333333333333,703.8895833333332,411.66666666666663,10294.77777777777,11716.081683462691,1583.51,2095.6848979146043,-49.75114791460419,0.0
45,2023-10-01,4333.333333333333,703.8895833333332,411.66666666666663,10496.666666666659,11977.560425213336,1583.51,2039.632965458698,6.300784541302164,1.575196135325541
46,2023-11-01,4333.333333333333,703.8895833333332,411.66666666666663,10698.555555555547,12240.346560672735,1583.51,2319.4452388602094,-273.5114888602102,0.0
47,2023-12-01,4333.333333333333,703.8895833333332,411.66666666666663,10900.444444444436,12504.446626809431,1583.51,2000.0,45.933749999999236,11.483437499999809
48,2024-01-01,4333.333333333333,703.8895833333332,411.66666666666663,11102.333333333325,12769.86719327681,1583.51,1708.7572042422923,337.1765457577076,84.2941364394269
49,2024-02-01,4333.333333333333,703.8895833333332,411.66666666666663,11304.222222222214,13036.614862576525,1583.51,2193.7955392542767,-147.86178925427703,0.0
50,2024-03-01,4333.333333333333,703.8895833333332,411.66666666666663,11506.111111111102,13304.69627022274,1583.51,2125.762530241719,-79.82878024171896,0.0
51,2024-04-01,4333.333333333333,703.8895833333332,411.66666666666663,11707.99999999999,13574.118084907184,1583.51,1816.5499522410037,229.38379775899648,57.34594943974912
52,2024-05-01,4333.333333333333,703.8895833333332,411.66666666666663,11909.88888888888,13844.887008665051,1583.51,2075.5732049796816,-29.63945497968143,0.0
53,2024-06-01,4333.333333333333,703.8895833333332,411.66666666666663,12111.777777777768,14117.009777041709,1583.51,2000.0,45.933749999999236,11.483437499999809
54,2024-07-01,4333.333333333333,703.8895833333332,411.66666666666663,12313.666666666657,14390.49315926025,1583.51,2000.0,45.933749999999236,11.483437499999809
55,2024-08-01,4333.333333333333,703.8895833333332,411.66666666666663,12515.555555555546,14665.343958389882,1583.51,1737.4256494580789,308.5081005419206,77.12702513548015
56,2024-09-01,4333.333333333333,703.8895833333332,411.66666666666663,12717.444444444434,14941.569011515163,1583.51,2000.0,45.933749999999236,11.483437499999809
57,2024-10-01,4333.333333333333,703.8895833333332,411.66666666666663,12919.333333333323,15219.175189906071,1583.51,1755.4405206748384,290.49322932516134,72.62330733129033
58,2024-11-01,4333.333333333333,703.8895833333332,411.66666666666663,13121.222222222212,15498.169399188933,1583.51,2000.0,45.933749999999236,11.483437499999809
59,2024-12-01,4333.333333333333,703.8895833333332,411.66666666666663,13323.1111111111,15778.558579518209,1583.51,2230.4859414805387,-184.55219148053857,0.0
60,2025-01-01,4333.333333333333,703.8895833333332,411.66666666666663,13524.999999999989,16060.349705749131,2695.73,1688.2771119270485,-754.5633619270484,0.0
61,2025-02-01,4333.333333333333,703.8895833333332,411.66666666666663,13726.888888888878,16343.549787611208,2695.73,2128.059915013303,-1194.346165013303,0.0
62,2025-03-01,4333.333333333333,703.8895833333332,411.66666666666663,13928.777777777766,16628.165869882596,2695.73,2000.0,-1066.28625,0.0
63,2025-04-01,4333.333333333333,703.8895833333332,411.66666666666663,14130.666666666655,16914.205032565344,2695.73,2000.0,-1066.28625,0.0
64,2025-05-01,4333.333333333333,703.8895833333332,411.66666666666663,14332.555555555544,17201.674391061504,2695.73,2262.544930724336,-1328.8311807243363,0.0
65,2025-06-01,4333.333333333333,703.8895833333332,411.66666666666663,14534.444444444433,17490.581096350146,2695.73,2000.0,-1066.28625,0.0
66,2025-07-01,4333.333333333333,703.8895833333332,411.66666666666663,14736.333333333321,17780.93233516523,2695.73,1976.3802819960463,-1042.6665319960466,0.0
67,2025-08-01,4333.333333333333,703.8895833333332,411.66666666666663,14938.22222222221,18072.73533017439,2695.73,1678.8710140938056,-745.1572640938057,0.0
68,2025-09-01,4333.333333333333,703.8895833333332,411.66666666666663,15140.111111111099,18365.997340158596,2695.73,1818.427315100954,-884.7135651009539,0.0
69,2025-10-01,4333.333333333333,703.8895833333332,411.66666666666663,15341.999999999987,18660.725660192722,2695.73,2000.0,-1066.28625,0.0
70,2025-11-01,4333.333333333333,703.8895833333332,411.66666666666663,15543.888888888876,18956.927621827017,2695.73,1635.4889169178798,-701.7751669178797,0.0
71,2025-12-01,4333.333333333333,703.8895833333332,411.66666666666663,15745.777777777765,19254.610593269485,2695.73,2399.1533875978284,-1465.4396375978286,0.0
72,2026-01-01,4333.333333333333,703.8895833333332,411.66666666666663,15947.666666666653,19553.781979569165,2695.73,1867.4000075600404,-933.6862575600408,0.0
73,2026-02-01,4333.333333333333,703.8895833333332,411.66666666666663,16149.555555555542,19854.449222800344,2695.73,2000.0,-1066.28625,0.0
74,2026-03-01,4333.333333333333,703.8895833333332,411.66666666666663,16351.44444444443,20156.61980224768,2695.73,2011.5268572659977,-1077.813107265998,0.0
75,2026-04-01,4333.333333333333,703.8895833333332,411.66666666666663,16553.33333333332,20460.30123459225,2695.73,2000.0,-1066.28625,0.0
76,2026-05-01,4333.333333333333,703.8895833333332,411.66666666666663,16755.22222222221,20765.501074098545,2695.73,2000.0,-1066.28625,0.0
77,2026-06-01,4333.333333333333,703.8895833333332,411.66666666666663,16957.111111111102,21072.22691280237,2695.73,2399.3129395131477,-1465.5991895131474,0.0
78,2026-07-01,4333.333333333333,703.8895833333332,411.66666666666663,17158.999999999993,21380.486380699713,2695.73,2000.0,-1066.28625,0.0
79,2026-08-01,4333.333333333333,703.8895833333332,411.66666666666663,17360.888888888883,21690.287145936545,2695.73,2000.0,-1066.28625,0.0
80,2026-09-01,4333.333333333333,703.8895833333332,411.66666666666663,17562.777777777774,22001.63691499956,2695.73,2000.0,-1066.28625,0.0
81,2026-10-01,4333.333333333333,703.8895833333332,411.66666666666663,17764.666666666664,22314.54343290789,2695.73,1717.187973562889,-783.4742235628892,0.0
82,2026-11-01,4333.333333333333,703.8895833333332,411.66666666666663,17966.555555555555,22629.01448340576,2695.73,2112.735458729402,-1179.0217087294022,0.0
83,2026-12-01,4333.333333333333,703.8895833333332,411.66666666666663,18168.444444444445,22945.057889156124,2695.73,1970.598651435341,-1036.884901435341,0.0
84,2027-01-01,4333.333333333333,703.8895833333332,411.66666666666663,18370.333333333336,23262.681511935236,2695.73,2000.0,-1066.28625,0.0
85,2027-02-01,4333.333333333333,703.8895833333332,411.66666666666663,18572.222222222226,23581.893252828246,2695.73,1815.8968425065227,-882.1830925065233,0.0
86,2027-03-01,4333.333333333333,703.8895833333332,411.66666666666663,18774.111111111117,23902.70105242572,2695.73,1642.8526952643936,-709.1389452643934,0.0
87,2027-04-01,4333.333333333333,703.8895833333332,411.66666666666663,18976.000000000007,24225.11289102118,2695.73,2000.0,-1066.28625,0.0
88,2027-05-01,4333.333333333333,703.8895833333332,411.66666666666663,19177.888888888898,24549.136788809617,2695.73,1777.7483853198185,-844.0346353198183,0.0
89,2027-06-01,4333.333333333333,703.8895833333332,411.66666666666663,19379.77777777779,24874.780806086997,2780.66,2000.0,-1151.2162500000004,0.0
90,2027-07-01,4333.333333333333,703.8895833333332,411.66666666666663,19581.66666666668,25202.053043450764,2780.66,1910.7422418648937,-1061.9584918648934,0.0
91,2027-08-01,4333.333333333333,703.8895833333332,411.66666666666663,19783.55555555557,25530.961642001348,2780.66,1874.7235212688192,-1025.9397712688196,0.0
92,2027-09-01,4333.333333333333,703.8895833333332,411.66666666666663,19985.44444444446,25861.514783544688,2780.66,1682.5427170504015,-833.7589670504012,0.0
93,2027-10-01,4333.333333333333,703.8895833333332,411.66666666666663,20187.33333333335,26193.720690795744,2780.66,2000.0,-1151.2162500000004,0.0
94,2027-11-01,4333.333333333333,703.8895833333332,411.66666666666663,20389.22222222224,26527.587627583056,2780.66,2113.4513791721606,-1264.6676291721606,0.0
95,2027-12-01,4333.333333333333,703.8895833333332,411.66666666666663,20591.11111111113,26863.123899054302,2780.66,2000.0,-1151.2162500000004,0.0
96,2028-01-01,4333.333333333333,703.8895833333332,411.66666666666663,20793.000000000022,27200.337851882905,2780.66,1802.2348981020841,-953.4511481020845,0.0
97,2028-02-01,4333.333333333333,703.8895833333332,411.66666666666663,20994.888888888912,27539.23787447565,2780.66,1960.8829473299354,-1112.0991973299351,0.0
98,2028-03-01,4333.333333333333,703.8895833333332,411.66666666666663,21196.777777777803,27879.83239718136,2780.66,1970.4828021510164,-1121.699052151016,0.0
99,2028-04-01,4333.333333333333,703.8895833333332,411.66666666666663,21398.666666666693,28222.129892500598,2780.66,2366.4298517490633,-1517.6461017490628,0.0
100,2028-05-01,4333.333333333333,703.8895833333332,411.66666666666663,21600.555555555584,28566.138875296434,2780.66,2000.0,-1151.2162500000004,0.0
101,2028-06-01,4333.333333333333,703.8895833333332,411.66666666666663,21802.444444444474,28911.86790300625,2780.66,2395.257212848829,-1546.4734628488286,0.0
102,2028-07-01,4333.333333333333,703.8895833333332,411.66666666666663,22004.333333333365,29259.32557585461,2780.66,2000.0,-1151.2162500000004,0.0
103,2028-08-01,4333.333333333333,703.8895833333332,411.66666666666663,22206.222222222255,29608.520537067216,2780.66,2000.0,-1151.2162500000004,0.0
104,2028-09-01,4333.333333333333,703.8895833333332,411.66666666666663,22408.111111111146,29959.461473085885,2780.66,2000.0,-1151.2162500000004,0.0
105,2028-10-01,4333.333333333333,703.8895833333332,411.66666666666663,22610.000000000036,30312.157113784648,2780.66,2000.0,-1151.2162500000004,0.0
106,2028-11-01,4333.333333333333,703.8895833333332,411.66666666666663,22811.888888888927,30666.6162326869,2780.66,2183.693610596745,-1334.9098605967456,0.0
107,2028-12-01,4333.333333333333,703.8895833333332,411.66666666666663,23013.777777777817,31022.84764718367,2780.66,2000.0,-1151.2162500000004,0.0
108,2029-01-01,4333.333333333333,703.8895833333332,411.66666666666663,23215.666666666708,31380.860218752918,2780.66,2150.0553694938544,-1301.271619493854,0.0
109,2029-02-01,4333.333333333333,703.8895833333332,411.66666666666663,23417.5555555556,31740.662853180012,2780.66,2222.6322841373853,-1373.8485341373853,0.0
110,2029-03-01,4333.333333333333,703.8895833333332,411.66666666666663,23619.44444444449,32102.264500779245,2780.66,2000.0,-1151.2162500000004,0.0
111,2029-04-01,4333.333333333333,703.8895833333332,411.66666666666663,23821.33333333338,32465.674156616475,2780.66,2345.717796151681,-1496.9340461516813,0.0
112,2029-05-01,4333.333333333333,703.8895833333332,411.66666666666663,24023.22222222227,32830.90086073289,2780.66,1855.2363539738283,-1006.4526039738284,0.0
113,2029-06-01,4333.333333333333,703.8895833333332,411.66666666666663,24225.11111111116,33197.95369836988,2780.66,1751.247884244063,-902.4641342440627,0.0
114,2029-07-01,4333.333333333333,703.8895833333332,411.66666666666663,24427.00000000005,33566.84180019505,2780.66,2225.9143040982003,-1377.1305540982003,0.0
115,2029-08-01,4333.333333333333,703.8895833333332,411.66666666666663,24628.88888888894,33937.57434252935,2780.66,2000.0,-1151.2162500000004,0.0
116,2029-09-01,4333.333333333333,703.8895833333332,411.66666666666663,24830.777777777832,34310.16054757532,2780.66,2000.0,-1151.2162500000004,0.0
117,2029-10-01,4333.333333333333,703.8895833333332,411.66666666666663,25032.666666666722,34684.609683646515,2780.66,2000.0,-1151.2162500000004,0.0
118,2029-11-01,4333.333333333333,703.8895833333332,411.66666666666663,25234.555555555613,35060.93106539807,2780.66,2000.0,-1151.2162500000004,0.0
119,2029-12-01,4333.333333333333,703.8895833333332,411.66666666666663,25436.444444444503,35439.134054058384,2780.66,2000.0,-1151.2162500000004,0.0
120,2030-01-01,4333.333333333333,703.8895833333332,411.66666666666663,25638.333333333394,35819.228057662,1668.44,2000.0,-38.996250000000146,0.0
121,2030-02-01,4333.333333333333,703.8895833333332,411.66666666666663,25840.222222222284,36201.22253128364,1668.44,2128.531684888925,-167.5279348889253,0.0
122,2030-03-01,4333.333333333333,703.8895833333332,411.66666666666663,26042.111111111175,36585.12697727338,1668.44,2000.0,-38.996250000000146,0.0
123,2030-04-01,4333.333333333333,703.8895833333332,411.66666666666663,26244.000000000065,36970.95094549307,1668.44,2000.0,-38.996250000000146,0.0
124,2030-05-01,4333.333333333333,703.8895833333332,411.66666666666663,26445.888888888956,37358.704033553855,1668.44,1646.6911564722366,314.31259352776306,78.57814838194076
125,2030-06-01,4333.333333333333,703.8895833333332,411.66666666666663,26647.777777777846,37748.39588705495,1668.44,2000.0,-38.996250000000146,0.0
126,2030-07-01,4333.333333333333,703.8895833333332,411.66666666666663,26849.666666666737,38140.036199823546,1668.44,2000.0,-38.996250000000146,0.0
127,2030-08-01,4333.333333333333,703.8895833333332,411.66666666666663,27051.555555555628,38533.63471415599,1668.44,2109.897075230592,-148.89332523059147,0.0
128,2030-09-01,4333.333333333333,703.8895833333332,411.66666666666663,27253.444444444518,38929.201221060095,1668.44,1905.9254253860017,55.07832461399812,13.76958115349953
129,2030-10-01,4333.333333333333,703.8895833333332,411.66666666666663,27455.33333333341,39326.74556049872,1668.44,2000.0,-38.996250000000146,0.0
130,2030-11-01,4333.333333333333,703.8895833333332,411.66666666666663,27657.2222222223,39726.27762163454,1668.44,1704.80837037654,256.19537962345976,64.04884490586494
131,2030-12-01,4333.333333333333,703.8895833333332,411.66666666666663,27859.11111111119,40127.807343076034,1668.44,1602.4104602989414,358.59328970105844,89.64832242526461
132,2031-01-01,4333.333333333333,703.8895833333332,411.66666666666663,28061.00000000008,40531.34471312474,1668.44,2000.0,-38.996250000000146,0.0
133,2031-02-01,4333.333333333333,703.8895833333332,411.66666666666663,28262.88888888897,40936.89977002369,1668.44,2332.9672579290605,-371.96350792906105,0.0
134,2031-03-01,4333.333333333333,703.8895833333332,411.66666666666663,28464.77777777786,41344.48260220713,1668.44,2000.0,-38.996250000000146,0.0
135,2031-04-01,4333.333333333333,703.8895833333332,411.66666666666663,28666.66666666675,41754.103348551485,1668.44,1625.962010461202,335.04173953879763,83.76043488469941
136,2031-05-01,4333.333333333333,703.8895833333332,411.66666666666663,28868.555555555642,42165.772198627565,1668.44,2096.768612520427,-135.7648625204265,0.0
137,2031-06-01,4333.333333333333,703.8895833333332,411.66666666666663,29070.444444444533,42579.49939295403,1668.44,1705.7104912342825,255.29325876571738,63.823314691429346
138,2031-07-01,4333.333333333333,703.8895833333332,411.66666666666663,29272.333333333423,42995.29522325212,1668.44,2000.0,-38.996250000000146,0.0
139,2031-08-01,4333.333333333333,703.8895833333332,411.66666666666663,29474.222222222314,43413.1700327017,1668.44,2000.0,-38.996250000000146,0.0
140,2031-09-01,4333.333333333333,703.8895833333332,411.66666666666663,29676.111111111204,43833.13421619853,1668.44,2000.0,-38.996250000000146,0.0
141,2031-10-01,4333.333333333333,703.8895833333332,411.66666666666663,29878.000000000095,44255.198220612845,1668.44,1634.4817642097082,326.52198579029164,81.63049644757291
142,2031-11-01,4333.333333333333,703.8895833333332,411.66666666666663,30079.888888888985,44679.372545049235,1668.44,1743.3577553646976,217.6459946353025,54.41149865882562
143,2031-12-01,4333.333333333333,703.8895833333332,411.66666666666663,30281.777777777876,45105.667741107805,1668.44,2000.0,-38.996250000000146,0.0
144,2032-01-01,4333.333333333333,703.8895833333332,411.66666666666663,30483.666666666766,45534.09441314667,1668.44,2000.0,-38.996250000000146,0.0
145,2032-02-01,4333.333333333333,703.8895833333332,411.66666666666663,30685.555555555657,45964.66321854572,1668.44,1831.9394675115896,129.06428248840984,32.26607062210246
146,2032-03-01,4333.333333333333,703.8895833333332,411.66666666666663,30887.444444444547,46397.38486797177,1668.44,2000.0,-38.996250000000146,0.0
147,2032-04-01,4333.333333333333,703.8895833333332,411.66666666666663,31089.333333333438,46832.27012564495,1668.44,2000.0,-38.996250000000146,0.0
148,2032-05-01,4333.333333333333,703.8895833333332,411.66666666666663,31291.222222222328,47269.3298096065,1668.44,1638.358469515543,322.64528048445663,80.66132012111416
149,2032-06-01,4333.333333333333,703.8895833333332,411.66666666666663,31493.11111111122,47708.574791987856,1668.44,2327.508236252173,-366.5044862521727,0.0
150,2032-07-01,4333.333333333333,703.8895833333332,411.66666666666663,31695.00000000011,48150.01599928112,1668.44,2000.0,-38.996250000000146,0.0
151,2032-08-01,4333.333333333333,703.8895833333332,411.66666666666663,31896.888888889,48593.664412610844,1668.44,2000.0,-38.996250000000146,0.0
152,2032-09-01,4333.333333333333,703.8895833333332,411.66666666666663,32098.77777777789,49039.53106800722,1668.44,1699.7079992010167,261.29575079898314,65.32393769974578
153,2032-10-01,4333.333333333333,703.8895833333332,411.66666666666663,32300.66666666678,49487.62705668058,1668.44,2000.0,-38.996250000000146,0.0
154,2032-11-01,4333.333333333333,703.8895833333332,411.66666666666663,32502.55555555567,49937.96352529731,1668.44,2000.0,-38.996250000000146,0.0
155,2032-12-01,4333.333333333333,703.8895833333332,411.66666666666663,32704.44444444456,50390.55167625712,1668.44,1879.5478092650053,81.45594073499433,20.363985183748582
156,2033-01-01,4333.333333333333,703.8895833333332,411.66666666666663,32906.33333333345,50845.402767971726,1668.44,2122.804274747609,-161.80052474760942,0.0
157,2033-02-01,4333.333333333333,703.8895833333332,411.66666666666663,33108.22222222234,51302.52811514491,1668.44,2000.0,-38.996250000000146,0.0
158,2033-03-01,4333.333333333333,703.8895833333332,411.66666666666663,33310.11111111123,51761.93908905396,1668.44,2072.6828222659396,-111.6790722659398,0.0
159,2033-04-01,4333.333333333333,703.8895833333332,411.66666666666663,33512.000000000124,52223.64711783255,1668.44,1674.2926210322892,286.71112896771047,71.67778224192762
160,2033-05-01,4333.333333333333,703.8895833333332,411.66666666666663,33713.888888889014,52687.66368675503,1668.44,1884.8939940085718,76.10975599142785,19.02743899785696
161,2033-06-01,4333.333333333333,703.8895833333332,411.66666666666663,33915.777777777905,53154.00033852213,1668.44,1645.4553709356028,315.54837906439707,78.88709476609927
162,2033-07-01,4333.333333333333,703.8895833333332,411.66666666666663,34117.666666666795,53622.66867354806,1668.44,2299.6872331248906,-338.6834831248907,0.0
163,2033-08-01,4333.333333333333,703.8895833333332,411.66666666666663,34319.555555555686,54093.680350249124,1668.44,1735.9330246266472,225.07072537335262,56.267681343338154
164,2033-09-01,4333.333333333333,703.8895833333332,411.66666666666663,34521.444444444576,54567.04708533369,1668.44,1941.4611858599606,19.54256414003885,4.885641035009712
165,2033-10-01,4333.333333333333,703.8895833333332,411.66666666666663,34723.33333333347,55042.78065409368,1668.44,1631.448510133983,329.55523986601656,82.38880996650414
166,2033-11-01,4333.333333333333,703.8895833333332,411.66666666666663,34925.22222222236,55520.89289069747,1668.44,2000.0,-38.996250000000146,0.0
167,2033-12-01,4333.333333333333,703.8895833333332,411.66666666666663,35127.11111111125,56001.39568848428,1668.44,2000.0,-38.996250000000146,0.0
168,2034-01-01,4333.333333333333,703.8895833333332,411.66666666666663,35329.00000000014,56484.30100026002,1668.44,2000.0,-38.996250000000146,0.0
169,2034-02-01,4333.333333333333,703.8895833333332,411.66666666666663,35530.88888888903,56969.620838594645,1668.44,2000.0,-38.996250000000146,0.0
170,2034-03-01,4333.333333333333,703.8895833333332,411.66666666666663,35732.77777777792,57457.36727612094,1668.44,2136.2848032862535,-175.28105328625406,0.0
171,2034-04-01,4333.333333333333,703.8895833333332,411.66666666666663,35934.66666666681,57947.55244583487,1668.44,2302.6420512369455,-341.63830123694515,0.0
172,2034-05-01,4333.333333333333,703.8895833333332,411.66666666666663,36136.5555555557,58440.188541397365,1668.44,1710.9146435993057,250.08910640069416,62.52227660017354
173,2034-06-01,4333.333333333333,703.8895833333332,411.66666666666663,36338.44444444459,58935.287817437675,1668.44,2254.6642012851044,-293.6604512851045,0.0
174,2034-07-01,4333.333333333333,703.8895833333332,411.66666666666663,36540.33333333348,59432.86258985818,1668.44,2000.0,-38.996250000000146,0.0
175,2034-08-01,4333.333333333333,703.8895833333332,411.66666666666663,36742.22222222237,59932.92523614079,1668.44,2000.0,-38.996250000000146,0.0
176,2034-09-01,4333.333333333333,703.8895833333332,411.66666666666663,36944.11111111126,60435.48819565482,1668.44,2346.908018013595,-385.90426801359536,0.0
177,2034-10-01,4333.333333333333,703.8895833333332,411.66666666666663,37146.00000000015,60940.56396996642,1668.44,1897.5521696592598,63.45158034074029,15.862895085185073
178,2034-11-01,4333.333333333333,703.8895833333332,411.66666666666663,37347.88888888904,61448.16512314957,1668.44,1629.5866376802892,331.41711231971067,82.85427807992767
179,2034-12-01,4333.333333333333,703.8895833333332,411.66666666666663,37549.777777777934,61958.30428209864,1668.44,2014.4807754651063,-53.477025465106635,0.0
180,2035-01-01,4333.333333333333,703.8895833333332,411.66666666666663,37751.666666666824,62470.994136842455,1668.44,1903.3872070924635,57.616542907536314,14.404135726884078
181,2035-02-01,4333.333333333333,703.8895833333332,411.66666666666663,37953.555555555715,62986.24744085999,1668.44,1710.7555790135925,250.24817098640733,62.56204274660183
182,2035-03-01,4333.333333333333,703.8895833333332,411.66666666666663,38155.444444444605,63504.07701139761,1668.44,2000.0,-38.996250000000146,0.0
183,2035-04-01,4333.333333333333,703.8895833333332,411.66666666666663,38357.333333333496,64024.49572978792,1668.44,2000.0,-38.996250000000146,0.0
184,2035-05-01,4333.333333333333,703.8895833333332,411.66666666666663,38559.222222222386,64547.51654177019,1668.44,2000.0,-38.996250000000146,0.0
185,2035-06-01,4333.333333333333,703.8895833333332,411.66666666666663,38761.11111111128,65073.15245781236,1668.44,2000.0,-38.996250000000146,0.0
186,2035-07-01,4333.333333333333,703.8895833333332,411.66666666666663,38963.00000000017,65601.41655343474,1668.44,1698.2398923727794,262.7638576272202,65.69096440680505
187,2035-08-01,4333.333333333333,703.8895833333332,411.66666666666663,39164.88888888906,66132.32196953525,1668.44,2052.411930573827,-91.40818057382694,0.0
188,2035-09-01,4333.333333333333,703.8895833333332,411.66666666666663,39366.77777777795,66665.88191271624,1668.44,1623.62419838715,337.3795516128498,84.34488790321245
189,2035-10-01,4333.333333333333,703.8895833333332,411.66666666666663,39568.66666666684,67202.10965561315,1668.44,2000.0,-38.996250000000146,0.0
190,2035-11-01,4333.333333333333,703.8895833333332,411.66666666666663,39770.55555555573,67741.01853722455,1668.44,2000.0,-38.996250000000146,0.0
191,2035-12-01,4333.333333333333,703.8895833333332,411.66666666666663,39972.44444444462,68282.621963244,1668.44,2040.288864626079,-79.28511462607912,0.0
192,2036-01-01,4333.333333333333,703.8895833333332,411.66666666666663,40174.33333333351,68826.93340639355,1668.44,2000.0,-38.996250000000146,0.0
193,2036-02-01,4333.333333333333,703.8895833333332,411.66666666666663,40376.2222222224,69373.96640675885,1668.44,2272.2315880643355,-311.22783806433563,0.0
194,2036-03-01,4333.333333333333,703.8895833333332,411.66666666666663,40578.11111111129,69923.73457212596,1668.44,2000.0,-38.996250000000146,0.0
195,2036-04-01,4333.333333333333,703.8895833333332,411.66666666666663,40780.00000000018,70476.25157831992,1668.44,2000.0,-38.996250000000146,0.0
196,2036-05-01,4333.333333333333,703.8895833333332,411.66666666666663,40981.88888888907,71031.53116954485,1668.44,2334.6208738153055,-373.6171238153056,0.0
197,2036-06-01,4333.333333333333,703.8895833333332,411.66666666666663,41183.77777777796,71589.5871587259,1668.44,2000.0,-38.996250000000146,0.0
198,2036-07-01,4333.333333333333,703.8895833333332,411.66666666666663,41385.66666666685,72150.43342785285,1668.44,1769.507117038265,191.49663296173458,47.874158240433644
199,2036-08-01,4333.333333333333,703.8895833333332,411.66666666666663,41587.555555555744,72714.08392832545,1668.44,2000.0,-38.996250000000146,0.0
200,2036-09-01,4333.333333333333,703.8895833333332,411.66666666666663,41789.444444444634,73280.5526813004,1668.44,1666.748880646705,294.2548693532949,73.56371733832373
201,2036-10-01,4333.333333333333,703.8895833333332,411.66666666666663,41991.333333333525,73849.85377804023,1668.44,2138.3087732241365,-177.30502322413668,0.0
202,2036-11-01,4333.333333333333,703.8895833333332,411.66666666666663,42193.222222222415,74422.00138026375,1668.44,2042.2019746934775,-81.19822469347764,0.0
203,2036-12-01,4333.333333333333,703.8895833333332,411.66666666666663,42395.111111111306,74997.0097204984,1668.44,2000.0,-38.996250000000146,0.0
204,2037-01-01,4333.333333333333,703.8895833333332,411.66666666666663,42597.0000000002,75574.89310243423,1668.44,1659.1621986510409,301.841551348959,75.46038783723975
205,2037-02-01,4333.333333333333,703.8895833333332,411.66666666666663,42798.88888888909,76155.66590127973,1668.44,1770.581153370977,190.42259662902234,47.605649157255584
206,2037-03-01,4333.333333333333,703.8895833333332,411.66666666666663,43000.77777777798,76739.34256411946,1668.44,1747.049771848275,213.9539781517251,53.488494537931274
207,2037-04-01,4333.333333333333,703.8895833333332,411.66666666666663,43202.66666666687,77325.93761027338,1668.44,1990.4812252188767,-29.47747521887686,0.0
208,2037-05-01,4333.333333333333,703.8895833333332,411.66666666666663,43404.55555555576,77915.46563165808,1668.44,1614.9881695003019,346.015580499698,86.5038951249245
209,2037-06-01,4333.333333333333,703.8895833333332,411.66666666666663,43606.44444444465,78507.94129314969,1668.44,2176.919590130002,-215.91584013000192,0.0
210,2037-07-01,4333.333333333333,703.8895833333332,411.66666666666663,43808.33333333354,79103.37933294877,1668.44,1607.9980390591932,353.0057109408067,88.25142773520167
211,2037-08-01,4333.333333333333,703.8895833333332,411.66666666666663,44010.22222222243,79701.79456294683,1668.44,2089.1212168273673,-128.11746682736793,0.0
212,2037-09-01,4333.333333333333,703.8895833333332,411.66666666666663,44212.11111111132,80303.20186909489,1668.44,1965.373093082793,-4.369343082793421,0.0
213,2037-10-01,4333.333333333333,703.8895833333332,411.66666666666663,44414.00000000021,80907.6162117737,1668.44,2000.0,-38.996250000000146,0.0
214,2037-11-01,4333.333333333333,703.8895833333332,411.66666666666663,44615.8888888891,81515.0526261659,1668.44,1929.1265064237607,31.87724357623938,7.969310894059845
215,2037-12-01,4333.333333333333,703.8895833333332,411.66666666666663,44817.77777777799,82125.52622263005,1668.44,2000.0,-38.996250000000146,0.0
216,2038-01-01,4333.333333333333,703.8895833333332,411.66666666666663,45019.66666666688,82739.05218707654,1668.44,2000.0,-38.996250000000146,0.0
217,2038-02-01,4333.333333333333,703.8895833333332,411.66666666666663,45221.55555555577,83355.64578134524,1668.44,2165.92684274731,-204.92309274730997,0.0
218,2038-03-01,4333.333333333333,703.8895833333332,411.66666666666663,45423.44444444466,83975.3223435853,1668.44,1965.3231257016635,-4.319375701663375,0.0
219,2038-04-01,4333.333333333333,703.8895833333332,411.66666666666663,45625.333333333554,84598.09728863655,1668.44,2000.0,-38.996250000000146,0.0
220,2038-05-01,4333.333333333333,703.8895833333332,411.66666666666663,45827.222222222445,85223.98610841305,1668.44,2361.9950696685705,-400.9913196685711,0.0
221,2038-06-01,4333.333333333333,703.8895833333332,411.66666666666663,46029.111111111335,85853.00437228844,1668.44,2196.3416492036663,-235.33789920366598,0.0
222,2038-07-01,4333.333333333333,703.8895833333332,411.66666666666663,46231.000000000226,86485.16772748322,1668.44,1866.4170951060646,94.58665489393479,23.646663723483698
223,2038-08-01,4333.333333333333,703.8895833333332,411.66666666666663,46432.888888889116,87120.49189945396,1668.44,2000.0,-38.996250000000146,0.0
224,2038-09-01,4333.333333333333,703.8895833333332,411.66666666666663,46634.77777777801,87758.99269228456,1668.44,2000.0,-38.996250000000146,0.0
225,2038-10-01,4333.333333333333,703.8895833333332,411.66666666666663,46836.6666666669,88400.68598907931,1668.44,2037.2934322964013,-76.28968229640122,0.0
226,2038-11-01,4333.333333333333,703.8895833333332,411.66666666666663,47038.55555555579,89045.58775235804,1668.44,2306.7762339162186,-345.77248391621924,0.0
227,2038-12-01,4333.333333333333,703.8895833333332,411.66666666666663,47240.44444444468,89693.71402445316,1668.44,1710.609793030174,250.39395696982592,62.59848924245648
228,2039-01-01,4333.333333333333,703.8895833333332,411.66666666666663,47442.33333333357,90345.08092790876,1668.44,2000.0,-38.996250000000146,0.0
229,2039-02-01,4333.333333333333,703.8895833333332,411.66666666666663,47644.22222222246,90999.70466588163,1668.44,2000.0,-38.996250000000146,0.0
230,2039-03-01,4333.333333333333,703.8895833333332,411.66666666666663,47846.11111111135,91657.60152254436,1668.44,2371.5680844363997,-410.5643344363998,0.0
231,2039-04-01,4333.333333333333,703.8895833333332,411.66666666666663,48048.00000000024,92318.7878634904,1668.44,2000.0,-38.996250000000146,0.0
232,2039-05-01,4333.333333333333,703.8895833333332,411.66666666666663,48249.88888888913,92983.28013614118,1668.44,2163.3948986142686,-202.3911486142688,0.0
233,2039-06-01,4333.333333333333,703.8895833333332,411.66666666666663,48451.77777777802,93651.09487015521,1668.44,2000.0,-38.996250000000146,0.0
234,2039-07-01,4333.333333333333,703.8895833333332,411.66666666666663,48653.66666666691,94322.2486778393,1668.44,2325.2482954114726,-364.24454541147225,0.0
235,2039-08-01,4333.333333333333,703.8895833333332,411.66666666666663,48855.5555555558,94996.75825456184,1668.44,2000.0,-38.996250000000146,0.0
236,2039-09-01,4333.333333333333,703.8895833333332,411.66666666666663,49057.44444444469,95674.64037916796,1668.44,2211.06220863632,-250.0584586363202,0.0
237,2039-10-01,4333.333333333333,703.8895833333332,411.66666666666663,49259.33333333358,96355.91191439713,1668.44,2069.348429524755,-108.34467952475552,0.0
238,2039-11-01,4333.333333333333,703.8895833333332,411.66666666666663,49461.222222222474,97040.58980730244,1668.44,2000.0,-38.996250000000146,0.0
239,2039-12-01,4333.333333333333,703.8895833333332,411.66666666666663,49663.111111111364,97728.69108967228,1668.44,2072.021671725998,-111.01792172599835,0.0
240,2040-01-01,4333.333333333333,703.8895833333332,411.66666666666663,49865.000000000255,98420.23287845397,1668.44,2000.0,-38.996250000000146,0.0
241,2040-02-01,4333.333333333333,703.8895833333332,411.66666666666663,50066.888888889145,99115.23237617957,1668.44,2000.0,-38.996250000000146,0.0
242,2040-03-01,4333.333333333333,703.8895833333332,411.66666666666663,50268.777777778036,99813.70687139379,1668.44,2205.2061342071875,-244.2023842071876,0.0
243,2040-04-01,4333.333333333333,703.8895833333332,411.66666666666663,50470.666666666926,100515.67373908409,1668.44,2016.2543457730537,-55.25059577305365,0.0
244,2040-05-01,4333.333333333333,703.8895833333332,411.66666666666663,50672.55555555582,101221.15044111283,1668.44,2000.0,-38.996250000000146,0.0
245,2040-06-01,4333.333333333333,703.8895833333332,411.66666666666663,50874.44444444471,101930.15452665172,1668.44,1626.4620794310993,334.5416705689004,83.6354176422251
246,2040-07-01,4333.333333333333,703.8895833333332,411.66666666666663,51076.3333333336,102642.7036326183,1668.44,1629.9710956679912,331.03265433200886,82.75816358300222
247,2040-08-01,4333.333333333333,703.8895833333332,411.66666666666663,51278.22222222249,103358.81548411472,1668.44,1648.7800624204885,312.22368757951153,78.05592189487788
248,2040-09-01,4333.333333333333,703.8895833333332,411.66666666666663,51480.11111111138,104078.50789486861,1668.44,2000.0,-38.996250000000146,0.0
249,2040-10-01,4333.333333333333,703.8895833333332,411.66666666666663,51682.00000000027,104801.79876767629,1668.44,2000.0,-38.996250000000146,0.0
250,2040-11-01,4333.333333333333,703.8895833333332,411.66666666666663,51883.88888888916,105528.70609484799,1668.44,2000.0,-38.996250000000146,0.0
251,2040-12-01,4333.333333333333,703.8895833333332,411.66666666666663,52085.77777777805,106259.24795865556,1668.44,1618.8476883040494,342.1560616959505,85.53901542398762
252,2041-01-01,4333.333333333333,703.8895833333332,411.66666666666663,52287.66666666694,106993.44253178216,1668.44,2000.0,-38.996250000000146,0.0
253,2041-02-01,4333.333333333333,703.8895833333332,411.66666666666663,52489.55555555583,107731.30807777439,1668.44,2046.3704582204123,-85.36670822041287,0.0
254,2041-03-01,4333.333333333333,703.8895833333332,411.66666666666663,52691.44444444472,108472.86295149659,1668.44,2000.0,-38.996250000000146,0.0
255,2041-04-01,4333.333333333333,703.8895833333332,411.66666666666663,52893.33333333361,109218.1255995874,1668.44,2000.0,-38.996250000000146,0.0
256,2041-05-01,4333.333333333333,703.8895833333332,411.66666666666663,53095.2222222225,109967.11456091865,1668.44,2000.0,-38.996250000000146,0.0
257,2041-06-01,4333.333333333333,703.8895833333332,411.66666666666663,53297.11111111139,110719.84846705657,1668.44,2000.0,-38.996250000000146,0.0
258,2041-07-01,4333.333333333333,703.8895833333332,411.66666666666663,53499.000000000284,111476.34604272517,1668.44,1974.213635600311,-13.209885600311281,0.0
259,2041-08-01,4333.333333333333,703.8895833333332,411.66666666666663,53700.888888889174,112236.62610627212,1668.44,2000.0,-38.996250000000146,0.0
260,2041-09-01,4333.333333333333,703.8895833333332,411.66666666666663,53902.777777778065,113000.7075701368,1668.44,2000.0,-38.996250000000146,0.0
261,2041-10-01,4333.333333333333,703.8895833333332,411.66666666666663,54104.666666666955,113768.6094413208,1668.44,2000.0,-38.996250000000146,0.0
262,2041-11-01,4333.333333333333,703.8895833333332,411.66666666666663,54306.555555555846,114540.35082186073,1668.44,2000.0,-38.996250000000146,0.0
263,2041-12-01,4333.333333333333,703.8895833333332,411.66666666666663,54508.444444444736,115315.95090930336,1668.44,2364.204534336051,-403.2007843360507,0.0
264,2042-01-01,4333.333333333333,703.8895833333332,411.66666666666663,54710.33333333363,116095.42899718319,1668.44,2217.6663964586937,-256.6626464586943,0.0
265,2042-02-01,4333.333333333333,703.8895833333332,411.66666666666663,54912.22222222252,116878.80447550243,1668.44,1676.4189758328855,284.5847741671141,71.14619354177853
266,2042-03-01,4333.333333333333,703.8895833333332,411.66666666666663,55114.11111111141,117666.09683121326,1668.44,2000.0,-38.996250000000146,0.0
267,2042-04-01,4333.333333333333,703.8895833333332,411.66666666666663,55316.0000000003,118457.32564870265,1668.44,2000.0,-38.996250000000146,0.0
268,2042-05-01,4333.333333333333,703.8895833333332,411.66666666666663,55517.88888888919,119252.51061027948,1668.44,2000.0,-38.996250000000146,0.0
269,2042-06-01,4333.333333333333,703.8895833333332,411.66666666666663,55719.77777777808,120051.6714966642,1668.44,2000.0,-38.996250000000146,0.0
270,2042-07-01,4333.333333333333,703.8895833333332,411.66666666666663,55921.66666666697,120854.82818748085,1668.44,2000.0,-38.996250000000146,0.0
271,2042-08-01,4333.333333333333,703.8895833333332,411.66666666666663,56123.55555555586,121662.00066175158,1668.44,1713.8714434205667,247.13230657943313,61.78307664485828
272,2042-09-01,4333.333333333333,703.8895833333332,411.66666666666663,56325.44444444475,122473.20899839366,1668.44,1724.4565914601487,236.5471585398509,59.136789634962724
273,2042-10-01,4333.333333333333,703.8895833333332,411.66666666666663,56527.33333333364,123288.47337671895,1668.44,2000.0,-38.996250000000146,0.0
274,2042-11-01,4333.333333333333,703.8895833333332,411.66666666666663,56729.22222222253,124107.81407693586,1668.44,2149.9247763146627,-188.9210263146624,0.0
275,2042-12-01,4333.333333333333,703.8895833333332,411.66666666666663,56931.11111111142,124931.25148065385,1668.44,2098.9878157661747,-137.98406576617435,0.0
276,2043-01-01,4333.333333333333,703.8895833333332,411.66666666666663,57133.00000000031,125758.80607139044,1668.44,2000.0,-38.996250000000146,0.0
277,2043-02-01,4333.333333333333,703.8895833333332,411.66666666666663,57334.8888888892,126590.49843508072,1668.44,2000.0,-38.996250000000146,0.0
278,2043-03-01,4333.333333333333,703.8895833333332,411.66666666666663,57536.777777778094,127426.34926058944,1668.44,2000.0,-38.996250000000146,0.0
279,2043-04-01,4333.333333333333,703.8895833333332,411.66666666666663,57738.666666666984,128266.37934022571,1668.44,2036.0167251425478,-75.01297514254748,0.0
280,2043-05-01,4333.333333333333,703.8895833333332,411.66666666666663,57940.555555555875,129110.60957026016,1668.44,2000.0,-38.996250000000146,0.0
281,2043-06-01,4333.333333333333,703.8895833333332,411.66666666666663,58142.444444444765,129959.06095144479,1668.44,1967.5996268896104,-6.595876889610736,0.0
282,2043-07-01,4333.333333333333,703.8895833333332,411.66666666666663,58344.333333333656,130811.75458953533,1668.44,2000.0,-38.996250000000146,0.0
283,2043-08-01,4333.333333333333,703.8895833333332,411.66666666666663,58546.22222222255,131668.7116958163,1668.44,2000.0,-38.996250000000146,0.0
284,2043-09-01,4333.333333333333,703.8895833333332,411.66666666666663,58748.11111111144,132529.9535876287,1668.44,2137.902309515537,-176.89855951553727,0.0
285,2043-10-01,4333.333333333333,703.8895833333332,411.66666666666663,58950.00000000033,133395.50168890014,1668.44,2000.0,-38.996250000000146,0.0
286,2043-11-01,4333.333333333333,703.8895833333332,411.66666666666663,59151.88888888922,134265.37753067794,1668.44,1703.4507526612301,257.5529973387697,64.38824933469243
287,2043-12-01,4333.333333333333,703.8895833333332,411.66666666666663,59353.77777777811,135139.60275166464,1668.44,1936.891012848383,24.112737151616784,6.028184287904196
288,2044-01-01,4333.333333333333,703.8895833333332,411.66666666666663,59555.666666667,136018.19909875627,1668.44,2075.4590378435,-114.45528784349972,0.0
289,2044-02-01,4333.333333333333,703.8895833333332,411.66666666666663,59757.55555555589,136901.18842758337,1668.44,2000.0,-38.996250000000146,0.0
290,2044-03-01,4333.333333333333,703.8895833333332,411.66666666666663,59959.44444444478,137788.5927030546,1668.44,1769.9455463942809,191.05820360571943,47.76455090142986
291,2044-04-01,4333.333333333333,703.8895833333332,411.66666666666663,60161.33333333367,138680.43399990318,1668.44,2000.0,-38.996250000000146,0.0
292,2044-05-01,4333.333333333333,703.8895833333332,411.66666666666663,60363.22222222256,139576.734503236,1668.44,1778.512904018866,182.49084598113404,45.62271149528351
293,2044-06-01,4333.333333333333,703.8895833333332,411.66666666666663,60565.11111111145,140477.5165090855,1668.44,2000.0,-38.996250000000146,0.0
294,2044-07-01,4333.333333333333,703.8895833333332,411.66666666666663,60767.00000000034,141382.80242496423,1668.44,1725.5197827134994,235.48396728650096,58.87099182162524
295,2044-08-01,4333.333333333333,703.8895833333332,411.66666666666663,60968.88888888923,142292.61477042237,1668.44,2197.705228406145,-236.70147840614572,0.0
296,2044-09-01,4333.333333333333,703.8895833333332,411.66666666666663,61170.77777777812,143206.97617760778,1668.44,1973.168676811703,-12.16492681170348,0.0
297,2044-10-01,4333.333333333333,703.8895833333332,411.66666666666663,61372.66666666701,144125.90939182913,1668.44,1799.7953008973295,161.20844910266987,40.30211227566747
298,2044-11-01,4333.333333333333,703.8895833333332,411.66666666666663,61574.555555555904,145049.43727212158,1668.44,1969.5375305388804,-8.53378053888082,0.0
299,2044-12-01,4333.333333333333,703.8895833333332,411.66666666666663,61776.444444444794,145977.58279181548,1668.44,2029.0313145269213,-68.0275645269212,0.0
300,2045-01-01,4333.333333333333,703.8895833333332,411.66666666666663,61978.333333333685,146910.36903910787,1668.44,2000.0,-38.996250000000146,0.0
301,2045-02-01,4333.333333333333,703.8895833333332,411.66666666666663,62180.222222222576,147847.81921763672,1668.44,2000.0,-38.996250000000146,0.0
302,2045-03-01,4333.333333333333,703.8895833333332,411.66666666666663,62382.111111111466,148789.9566470582,1668.44,1883.509483276827,77.49426672317259,19.373566680793147
303,2045-04-01,4333.333333333333,703.8895833333332,411.66666666666663,62584.00000000036,149736.8047636268,1668.44,1774.1885864812798,186.8151635187196,46.7037908796799
304,2045-05-01,4333.333333333333,703.8895833333332,411.66666666666663,62785.88888888925,150688.38712077824,1668.44,2000.0,-38.996250000000146,0.0
305,2045-06-01,4333.333333333333,703.8895833333332,411.66666666666663,62987.77777777814,151644.72738971544,1668.44,2000.0,-38.996250000000146,0.0
306,2045-07-01,4333.333333333333,703.8895833333332,411.66666666666663,63189.66666666703,152605.84935999732,1668.44,2000.0,-38.996250000000146,0.0
307,2045-08-01,4333.333333333333,703.8895833333332,411.66666666666663,63391.55555555592,153571.7769401306,1668.44,2000.0,-38.996250000000146,0.0
308,2045-09-01,4333.333333333333,703.8895833333332,411.66666666666663,63593.44444444481,154542.53415816455,1668.44,2221.722245229364,-260.7184952293637,0.0
309,2045-10-01,4333.333333333333,703.8895833333332,411.66666666666663,63795.3333333337,155518.14516228868,1668.44,2000.0,-38.996250000000146,0.0
310,2045-11-01,4333.333333333333,703.8895833333332,411.66666666666663,63997.22222222259,156498.63422143343,1668.44,2000.0,-38.996250000000146,0.0
311,2045-12-01,4333.333333333333,703.8895833333332,411.66666666666663,64199.11111111148,157484.0257258739,1668.44,2280.0227637658763,-319.0190137658765,0.0
312,2046-01-01,4333.333333333333,703.8895833333332,411.66666666666663,64401.00000000037,158474.34418783657,1668.44,2304.5605064121387,-343.5567564121384,0.0
313,2046-02-01,4333.333333333333,703.8895833333332,411.66666666666663,64602.88888888926,159469.61424210906,1668.44,1789.413885063815,171.58986493618522,42.897466234046306
314,2046-03-01,4333.333333333333,703.8895833333332,411.66666666666663,64804.77777777815,160469.8606466529,1668.44,2000.0,-38.996250000000146,0.0
315,2046-04-01,4333.333333333333,703.8895833333332,411.66666666666663,65006.66666666704,161475.10828321948,1668.44,2207.6294128373524,-246.62566283735305,0.0
316,2046-05-01,4333.333333333333,703.8895833333332,411.66666666666663,65208.55555555593,162485.38215796888,1668.44,2344.5050720038757,-383.50132200387543,0.0
317,2046-06-01,4333.333333333333,703.8895833333332,411.66666666666663,65410.44444444482,163500.70740209203,1668.44,2029.0099674265578,-68.00621742655767,0.0
318,2046-07-01,4333.333333333333,703.8895833333332,411.66666666666663,65612.3333333337,164521.1092724358,1668.44,2000.0,-38.996250000000146,0.0
319,2046-08-01,4333.333333333333,703.8895833333332,411.66666666666663,65814.2222222226,165546.6131521313,1668.44,1716.3946747575455,244.6090752424543,61.15226881061358
320,2046-09-01,4333.333333333333,703.8895833333332,411.66666666666663,66016.11111111149,166577.24455122525,1668.44,2122.4787262512764,-161.47497625127653,0.0
321,2046-10-01,4333.333333333333,703.8895833333332,411.66666666666663,66218.00000000038,167613.02910731468,1668.44,2000.0,-38.996250000000146,0.0
322,2046-11-01,4333.333333333333,703.8895833333332,411.66666666666663,66419.88888888927,168653.99258618455,1668.44,2208.847974058304,-247.84422405830355,0.0
323,2046-12-01,4333.333333333333,703.8895833333332,411.66666666666663,66621.77777777816,169700.16088244878,1668.44,1868.563640656552,92.44010934344806,23.110027335862014
324,2047-01-01,4333.333333333333,703.8895833333332,411.66666666666663,66823.66666666705,170751.56002019433,1668.44,1853.1025403775184,107.90120962248147,26.97530240562037
325,2047-02-01,4333.333333333333,703.8895833333332,411.66666666666663,67025.55555555594,171808.2161536286,84.93,2000.0,1544.51375,386.1284375
326,2047-03-01,4333.333333333333,703.8895833333332,411.66666666666663,67227.44444444483,172870.15556773005,84.93,2000.0,1544.51375,386.1284375
327,2047-04-01,4333.333333333333,703.8895833333332,411.66666666666663,67429.33333333372,173937.404678902,84.93,2145.210979164988,1399.3027708350119,349.82569270875297
328,2047-05-01,4333.333333333333,703.8895833333332,411.66666666666663,67631.22222222261,175009.99003562983,84.93,1797.3378069867858,1747.1759430132142,436.79398575330356
329,2047-06-01,4333.333333333333,703.8895833333332,411.66666666666663,67833.1111111115,176087.93831914128,84.93,2025.9460267162942,1518.5677232837056,379.6419308209264
330,2047-07-01,4333.333333333333,703.8895833333332,411.66666666666663,68035.0000000004,177171.2763440703,84.93,1826.7523643346117,1717.761385665388,429.440346416347
331,2047-08-01,4333.333333333333,703.8895833333332,411.66666666666663,68236.88888888928,178260.03105912395,84.93,2000.0,1544.51375,386.1284375
332,2047-09-01,4333.333333333333,703.8895833333332,411.66666666666663,68438.77777777817,179354.22954775288,84.93,2000.0,1544.51375,386.1284375
333,2047-10-01,4333.333333333333,703.8895833333332,411.66666666666663,68640.66666666706,180453.89902882496,84.93,1998.145124770219,1546.3686252297812,386.5921563074453
334,2047-11-01,4333.333333333333,703.8895833333332,411.66666666666663,68842.55555555595,181559.0668573024,84.93,2180.593337879919,1363.920412120081,340.98010303002025
335,2047-12-01,4333.333333333333,703.8895833333332,411.66666666666663,69044.44444444485,182669.7605249222,84.93,1737.7903199699022,1806.723430030098,451.6808575075245
336,2048-01-01,4333.333333333333,703.8895833333332,411.66666666666663,69246.33333333374,183786.0076608801,84.93,2000.0,1544.51375,386.1284375
337,2048-02-01,4333.333333333333,703.8895833333332,411.66666666666663,69448.22222222263,184907.8360325178,84.93,2000.0,1544.51375,386.1284375
338,2048-03-01,4333.333333333333,703.8895833333332,411.66666666666663,69650.11111111152,186035.2735460137,84.93,1795.3138742066196,1749.1998757933802,437.29996894834505
339,2048-04-01,4333.333333333333,703.8895833333332,411.66666666666663,69852.00000000041,187168.34824707705,84.93,2148.1680333016916,1396.345716698308,349.086429174577
340,2048-05-01,4333.333333333333,703.8895833333332,411.66666666666663,70053.8888888893,188307.08832164574,84.93,1632.7736475735512,1911.7401024264486,477.93502560661216
341,2048-06-01,4333.333333333333,703.8895833333332,411.66666666666663,70255.77777777819,189451.5220965873,84.93,2305.3892436728647,1239.1245063271354,309.78112658178384
342,2048-07-01,4333.333333333333,703.8895833333332,411.66666666666663,70457.66666666708,190601.67804040352,84.93,1665.2291119012782,1879.2846380987216,469.8211595246804
343,2048-08-01,4333.333333333333,703.8895833333332,411.66666666666663,70659.55555555597,191757.58476393885,84.93,2000.0,1544.51375,386.1284375
344,2048-09-01,4333.333333333333,703.8895833333332,411.66666666666663,70861.44444444486,192919.27102109184,84.93,2000.0,1544.51375,386.1284375
345,2048-10-01,4333.333333333333,703.8895833333332,411.66666666666663,71063.33333333375,194086.7657095306,84.93,1694.2813847028096,1850.23236529719,462.5580913242975
346,2048-11-01,4333.333333333333,703.8895833333332,411.66666666666663,71265.22222222264,195260.09787141153,84.93,1815.9703758749201,1728.54337412508,432.13584353127
347,2048-12-01,4333.333333333333,703.8895833333332,411.66666666666663,71467.11111111153,196439.29669410188,84.93,2381.953763356909,1162.5599866430912,290.6399966607728
348,2049-01-01,4333.333333333333,703.8895833333332,411.66666666666663,71669.00000000042,197624.3915109057,84.93,2000.0,1544.51375,386.1284375
349,2049-02-01,4333.333333333333,703.8895833333332,411.66666666666663,71870.88888888931,198815.41180179353,84.93,1686.1393159167453,1858.3744340832545,464.59360852081363
350,2049-03-01,4333.333333333333,703.8895833333332,411.66666666666663,72072.7777777782,200012.38719413578,84.93,2210.074445277627,1334.439304722373,333.60982618059325
351,2049-04-01,4333.333333333333,703.8895833333332,411.66666666666663,72274.6666666671,201215.34746343977,84.93,2000.0,1544.51375,386.1284375
352,2049-05-01,4333.333333333333,703.8895833333332,411.66666666666663,72476.55555555598,202424.32253409026,84.93,2099.1527517892077,1445.3609982107919,361.34024955269797
353,2049-06-01,4333.333333333333,703.8895833333332,411.66666666666663,72678.44444444487,203639.342480094,84.93,2000.0,1544.51375,386.1284375
354,2049-07-01,4333.333333333333,703.8895833333332,411.66666666666663,72880.33333333377,204860.43752582776,84.93,1819.7552403278555,1724.758509672144,431.189627418036
355,2049-08-01,4333.333333333333,703.8895833333332,411.66666666666663,73082.22222222266,206087.6380467902,84.93,1935.3660902739878,1609.147659726012,402.286914931503
356,2049-09-01,4333.333333333333,703.8895833333332,411.66666666666663,73284.11111111155,207320.97457035744,84.93,2339.573304382714,1204.940445617286,301.2351114043215
357,2049-10-01,4333.333333333333,703.8895833333332,411.66666666666663,73486.00000000044,208560.47777654254,84.93,2239.6470258838503,1304.8667241161493,326.2166810290373
358,2049-11-01,4333.333333333333,703.8895833333332,411.66666666666663,73687.88888888933,209806.17849875856,84.93,2000.0,1544.51375,386.1284375
359,2049-12-01,4333.333333333333,703.8895833333332,411.66666666666663,73889.77777777822,211058.10772458566,84.93,1617.2957612064306,1927.217988793569,481.80449719839226
360,2050-01-01,4333.333333333333,703.8895833333332,411.66666666666663,74091.66666666711,212316.29659654188,84.93,2000.0,1544.51375,386.1284375
361,2050-02-01,4333.333333333333,703.8895833333332,411.66666666666663,74293.555555556,213580.7764128579,84.93,2000.0,1544.51375,386.1284375
362,2050-03-01,4333.333333333333,703.8895833333332,411.66666666666663,74495.44444444489,214851.5786282555,84.93,2000.0,1544.51375,386.1284375
363,2050-04-01,4333.333333333333,703.8895833333332,411.66666666666663,74697.33333333378,216128.73485473008,84.93,2000.0,1544.51375,386.1284375
364,2050-05-01,4333.333333333333,703.8895833333332,411.66666666666663,74899.22222222267,217412.27686233702,84.93,2000.0,1544.51375,386.1284375
365,2050-06-01,4333.333333333333,703.8895833333332,411.66666666666663,75101.11111111156,218702.236579982,84.93,2000.0,1544.51375,386.1284375
366,2050-07-01,4333.333333333333,703.8895833333332,411.66666666666663,75303.00000000045,219998.6460962152,84.93,2000.0,1544.51375,386.1284375
367,2050-08-01,4333.333333333333,703.8895833333332,411.66666666666663,75504.88888888934,221301.53766002957,84.93,2000.0,1544.51375,386.1284375
368,2050-09-01,4333.333333333333,703.8895833333332,411.66666666666663,75706.77777777823,222610.94368166302,84.93,2000.0,1544.51375,386.1284375
369,2050-10-01,4333.333333333333,703.8895833333332,411.66666666666663,75908.66666666712,223926.89673340463,84.93,2307.0542304736537,1237.4595195263464,309.3648798815866
370,2050-11-01,4333.333333333333,703.8895833333332,411.66666666666663,76110.55555555601,225249.42955040495,84.93,2000.0,1544.51375,386.1284375
371,2050-12-01,4333.333333333333,703.8895833333332,411.66666666666663,76312.4444444449,226578.57503149027,84.93,2000.0,1544.51375,386.1284375
372,2051-01-01,4333.333333333333,703.8895833333332,411.66666666666663,76514.3333333338,227914.36623998103,84.93,1927.0733270348237,1617.4404229651764,404.3601057412941
373,2051-02-01,4333.333333333333,703.8895833333332,411.66666666666663,76716.22222222268,229256.83640451424,84.93,2228.070234404979,1316.4435155950205,329.1108788987551
374,2051-03-01,4333.333333333333,703.8895833333332,411.66666666666663,76918.11111111158,230606.0189198701,84.93,1962.0887465593382,1582.4250034406614,395.60625086016535
375,2051-04-01,4333.333333333333,703.8895833333332,411.66666666666663,77120.00000000047,231961.94734780275,84.93,1762.7904886112763,1781.7232613887236,445.4308153471809
376,2051-05-01,4333.333333333333,703.8895833333332,411.66666666666663,77321.88888888936,233324.65541787507,84.93,2000.0,1544.51375,386.1284375
377,2051-06-01,4333.333333333333,703.8895833333332,411.66666666666663,77523.77777777825,234694.17702829774,84.93,2000.0,1544.51375,386.1284375
378,2051-07-01,4333.333333333333,703.8895833333332,411.66666666666663,77725.66666666714,236070.54624677252,84.93,2374.5566493961637,1169.957100603836,292.489275150959
379,2051-08-01,4333.333333333333,703.8895833333332,411.66666666666663,77927.55555555603,237453.79731133967,84.93,2014.0251031981009,1530.488646801899,382.62216170047475
380,2051-09-01,4333.333333333333,703.8895833333332,411.66666666666663,78129.44444444492,238843.96463122967,84.93,2000.0,1544.51375,386.1284375
381,2051-10-01,4333.333333333333,703.8895833333332,411.66666666666663,78331.33333333381,240241.08278771912,84.93,1824.7693303075237,1719.7444196924762,429.93610492311905
382,2051-11-01,4333.333333333333,703.8895833333332,411.66666666666663,78533.2222222227,241645.18653499102,84.93,2000.0,1544.51375,386.1284375
383,2051-12-01,4333.333333333333,703.8895833333332,411.66666666666663,78735.11111111159,243056.31080099926,84.93,2000.0,1544.51375,386.1284375
384,2052-01-01,4333.333333333333,703.8895833333332,411.66666666666663,78937.00000000048,244474.49068833754,84.93,1670.4269869446714,1874.0867630553284,468.5216907638321
385,2052-02-01,4333.333333333333,703.8895833333332,411.66666666666663,79138.88888888937,245899.76147511252,84.93,2000.0,1544.51375,386.1284375
386,2052-03-01,4333.333333333333,703.8895833333332,411.66666666666663,79340.77777777826,247332.1586158214,84.93,2262.9155900881246,1281.598159911875,320.39953997796874
387,2052-04-01,4333.333333333333,703.8895833333332,411.66666666666663,79542.66666666715,248771.7177422338,84.93,2049.749806502742,1494.763943497258,373.6909858743145
388,2052-05-01,4333.333333333333,703.8895833333332,411.66666666666663,79744.55555555604,250218.47466427827,84.93,2154.180282421222,1390.3334675787783,347.58336689469456
389,2052-06-01,4333.333333333333,703.8895833333332,411.66666666666663,79946.44444444493,251672.46537093294,84.93,1702.0818229999827,1842.431927000017,460.6079817500042
390,2052-07-01,4333.333333333333,703.8895833333332,411.66666666666663,80148.33333333382,253133.7260311209,84.93,2253.3372856379096,1291.17646436209,322.7941160905225
391,2052-08-01,4333.333333333333,703.8895833333332,411.66666666666663,80350.22222222271,254602.2929946098,84.93,2000.0,1544.51375,386.1284375
392,2052-09-01,4333.333333333333,703.8895833333332,411.66666666666663,80552.1111111116,256078.20279291616,84.93,2362.1588663006496,1182.3548836993505,295.5887209248376
393,2052-10-01,4333.333333333333,703.8895833333332,411.66666666666663,80754.0000000005,257561.49214021402,84.93,2217.570852953779,1326.9428970462204,331.7357242615551
394,2052-11-01,4333.333333333333,703.8895833333332,411.66666666666663,80955.88888888939,259052.19793424837,84.93,2103.4179798201517,1441.095770179848,360.273942544962
395,2052-12-01,4333.333333333333,703.8895833333332,411.66666666666663,81157.77777777828,260550.3572572529,84.93,2000.0,1544.51375,386.1284375
396,2053-01-01,4333.333333333333,703.8895833333332,411.66666666666663,81359.66666666717,262056.00737687247,84.93,2000.0,1544.51375,386.1284375
397,2053-02-01,4333.333333333333,703.8895833333332,411.66666666666663,81561.55555555606,263569.1857470902,84.93,1890.5216443657905,1653.992105634209,413.4980264085523
398,2053-03-01,4333.333333333333,703.8895833333332,411.66666666666663,81763.44444444495,265089.930009159,84.93,1635.7423050347606,1908.7714449652394,477.19286124130986
399,2053-04-01,4333.333333333333,703.8895833333332,411.66666666666663,81965.33333333384,266618.2779925382,84.93,2000.0,1544.51375,386.1284375
400,2053-05-01,4333.333333333333,703.8895833333332,411.66666666666663,82167.22222222273,268154.2677158342,84.93,2000.0,1544.51375,386.1284375
401,2053-06-01,4333.333333333333,703.8895833333332,411.66666666666663,82369.11111111162,269697.9373877467,84.93,1957.6783575112586,1586.8353924887415,396.7088481221854
402,2053-07-01,4333.333333333333,703.8895833333332,411.66666666666663,82571.00000000051,271249.3254080188,84.93,2240.259611241765,1304.254138758235,326.06353468955876
403,2053-08-01,4333.333333333333,703.8895833333332,411.66666666666663,82772.8888888894,272808.47036839224,84.93,2207.6556150111574,1336.8581349888427,334.2145337472107
404,2053-09-01,4333.333333333333,703.8895833333332,411.66666666666663,82974.77777777829,274375.41105356754,84.93,1641.737549604064,1902.776200395936,475.694050098984
405,2053-10-01,4333.333333333333,703.8895833333332,411.66666666666663,83176.66666666718,275950.1864421687,84.93,2000.0,1544.51375,386.1284375
406,2053-11-01,4333.333333333333,703.8895833333332,411.66666666666663,83378.55555555607,277532.8357077129,84.93,2321.267081855399,1223.2466681446012,305.8116670361503
407,2053-12-01,4333.333333333333,703.8895833333332,411.66666666666663,83580.44444444496,279123.39821958484,84.93,2000.0,1544.51375,386.1284375
408,2054-01-01,4333.333333333333,703.8895833333332,411.66666666666663,83782.33333333385,280721.91354401613,84.93,2000.0,1544.51375,386.1284375
409,2054-02-01,4333.333333333333,703.8895833333332,411.66666666666663,83984.22222222274,282328.42144506954,84.93,2387.5543573088416,1156.9593926911584,289.2398481727896
410,2054-03-01,4333.333333333333,703.8895833333332,411.66666666666663,84186.11111111163,283942.96188562823,84.93,2000.0,1544.51375,386.1284375
411,2054-04-01,4333.333333333333,703.8895833333332,411.66666666666663,84388.00000000052,285565.57502838975,84.93,2000.0,1544.51375,386.1284375
412,2054-05-01,4333.333333333333,703.8895833333332,411.66666666666663,84589.88888888941,287196.30123686505,84.93,2000.0,1544.51375,386.1284375
413,2054-06-01,4333.333333333333,703.8895833333332,411.66666666666663,84791.7777777783,288835.18107638275,84.93,2266.3918173004886,1278.1219326995115,319.5304831748779
414,2054-07-01,4333.333333333333,703.8895833333332,411.66666666666663,84993.6666666672,290482.25531509804,84.93,1832.242737469082,1712.2710125309177,428.0677531327294
415,2054-08-01,4333.333333333333,703.8895833333332,411.66666666666663,85195.55555555609,292137.5649250069,84.93,2150.988874816717,1393.5248751832833,348.3812187958208
416,2054-09-01,4333.333333333333,703.8895833333332,411.66666666666663,85397.44444444498,293801.15108296525,84.93,2315.030892760456,1229.4828572395436,307.3707143098859
417,2054-10-01,4333.333333333333,703.8895833333332,411.66666666666663,85599.33333333387,295473.0551717134,84.93,2000.0,1544.51375,386.1284375
418,2054-11-01,4333.333333333333,703.8895833333332,411.66666666666663,85801.22222222276,297153.31878090533,84.93,2000.0,1544.51375,386.1284375
419,2054-12-01,4333.333333333333,703.8895833333332,411.66666666666663,86003.11111111165,298841.98370814323,84.93,2130.4309015597473,1414.0828484402527,353.5207121100632
420,2055-01-01,4333.333333333333,703.8895833333332,411.66666666666663,86205.00000000054,300539.0919600173,84.93,1604.6182842649885,1939.8954657350114,484.97386643375285
421,2055-02-01,4333.333333333333,703.8895833333332,411.66666666666663,86406.88888888943,302244.6857531507,84.93,1614.8319318828273,1929.6818181171725,482.4204545292931
422,2055-03-01,4333.333333333333,703.8895833333332,411.66666666666663,86608.77777777832,303958.8075152498,84.93,1846.876555056324,1697.6371949436761,424.40929873591904
423,2055-04-01,4333.333333333333,703.8895833333332,411.66666666666663,86810.66666666721,305681.49988615944,84.93,2288.6266522739365,1255.887097726063,313.97177443151577
424,2055-05-01,4333.333333333333,703.8895833333332,411.66666666666663,87012.5555555561,307412.80571892357,84.93,2000.0,1544.51375,386.1284375
425,2055-06-01,4333.333333333333,703.8895833333332,411.66666666666663,87214.44444444499,309152.7680808515,84.93,2000.0,1544.51375,386.1284375
426,2055-07-01,4333.333333333333,703.8895833333332,411.66666666666663,87416.33333333388,310901.4302545891,84.93,1601.0558734314193,1943.4578765685806,485.86446914214514
427,2055-08-01,4333.333333333333,703.8895833333332,411.66666666666663,87618.22222222277,312658.8357391954,84.93,2000.0,1544.51375,386.1284375
428,2055-09-01,4333.333333333333,703.8895833333332,411.66666666666663,87820.11111111166,314425.0282512247,84.93,2384.2484831735337,1160.2652668264664,290.0663167066166
429,2055-10-01,4333.333333333333,703.8895833333332,411.66666666666663,88022.00000000055,316200.0517258142,84.93,2000.0,1544.51375,386.1284375
430,2055-11-01,4333.333333333333,703.8895833333332,411.66666666666663,88223.88888888944,317983.9503177766,84.93,1923.775708784933,1620.738041215067,405.18451030376673
431,2055-12-01,4333.333333333333,703.8895833333332,411.66666666666663,88425.77777777833,319776.7684026988,84.93,1620.8101122858714,1923.7036377141285,480.9259094285321
432,2056-01-01,4333.333333333333,703.8895833333332,411.66666666666663,88627.66666666722,321578.55057804566,84.93,2000.0,1544.51375,386.1284375
433,2056-02-01,4333.333333333333,703.8895833333332,411.66666666666663,88829.55555555611,323389.3416642692,84.93,1641.460189729301,1903.0535602706987,475.76339006767466
434,2056-03-01,4333.333333333333,703.8895833333332,411.66666666666663,89031.444444445,325209.18670592393,84.93,2296.0002314959142,1248.5135185040854,312.12837962602134
435,2056-04-01,4333.333333333333,703.8895833333332,411.66666666666663,89233.3333333339,327038.1309727869,84.93,2000.0,1544.51375,386.1284375
436,2056-05-01,4333.333333333333,703.8895833333332,411.66666666666663,89435.22222222279,328876.2199609842,84.93,1653.0792827134421,1891.4344672865577,472.85861682163943
437,2056-06-01,4333.333333333333,703.8895833333332,411.66666666666663,89637.11111111168,330723.49939412245,84.93,1653.604036130865,1890.909713869135,472.72742846728374
438,2056-07-01,4333.333333333333,703.8895833333332,411.66666666666663,89839.00000000057,332580.0152244264,84.93,2000.0,1544.51375,386.1284375
439,2056-08-01,4333.333333333333,703.8895833333332,411.66666666666663,90040.88888888946,334445.81363388186,84.93,1680.9089171852474,1863.6048328147526,465.90120820368816
440,2056-09-01,4333.333333333333,703.8895833333332,411.66666666666663,90242.77777777835,336320.9410353846,84.93,1887.1956257899503,1657.3181242100495,414.3295310525124
441,2056-10-01,4333.333333333333,703.8895833333332,411.66666666666663,90444.66666666724,338205.4440738949,84.93,1863.1226688679553,1681.3910811320447,420.3477702830112
442,2056-11-01,4333.333333333333,703.8895833333332,411.66666666666663,90646.55555555613,340099.3696275977,84.93,2069.2337403337474,1475.2800096662522,368.82000241656306
443,2056-12-01,4333.333333333333,703.8895833333332,411.66666666666663,90848.44444444502,342002.764809069,84.93,2000.0,1544.51375,386.1284375
444,2057-01-01,4333.333333333333,703.8895833333332,411.66666666666663,91050.33333333391,343915.6769664477,84.93,2183.5009110804044,1361.0128389195952,340.2532097298988
445,2057-02-01,4333.333333333333,703.8895833333332,411.66666666666663,91252.2222222228,345838.15368461324,84.93,2000.0,1544.51375,386.1284375
446,2057-03-01,4333.333333333333,703.8895833333332,411.66666666666663,91454.11111111169,347770.24278636964,84.93,2000.0,1544.51375,386.1284375
447,2057-04-01,4333.333333333333,703.8895833333332,411.66666666666663,91656.00000000058,349711.9923336348,84.93,2000.0,1544.51375,386.1284375
448,2057-05-01,4333.333333333333,703.8895833333332,411.66666666666663,91857.88888888947,351663.45062863635,84.93,2010.4334656685498,1534.08028433145,383.5200710828625
449,2057-06-01,4333.333333333333,703.8895833333332,411.66666666666663,92059.77777777836,353624.6662151129,84.93,1681.5652705422845,1862.9484794577156,465.7371198644289
450,2057-07-01,4333.333333333333,703.8895833333332,411.66666666666663,92261.66666666725,355595.6878795218,84.93,2000.0,1544.51375,386.1284375
451,2057-08-01,4333.333333333333,703.8895833333332,411.66666666666663,92463.55555555614,357576.56465225277,84.93,2000.0,1544.51375,386.1284375
452,2057-09-01,4333.333333333333,703.8895833333332,411.66666666666663,92665.44444444503,359567.3458088474,84.93,1836.2278287319116,1708.2859212680883,427.07148031702206
453,2057-10-01,4333.333333333333,703.8895833333332,411.66666666666663,92867.33333333393,361568.080871225,84.93,2000.0,1544.51375,386.1284375
454,2057-11-01,4333.333333333333,703.8895833333332,411.66666666666663,93069.22222222282,363578.81960891443,84.93,1865.5172505877915,1678.9964994122083,419.7491248530521
455,2057-12-01,4333.333333333333,703.8895833333332,411.66666666666663,93271.1111111117,365599.61204029236,84.93,2000.0,1544.51375,386.1284375
456,2058-01-01,4333.333333333333,703.8895833333332,411.66666666666663,93473.0000000006,367630.50843382714,84.93,1957.598689721658,1586.915060278342,396.7287650695855
457,2058-02-01,4333.333333333333,703.8895833333332,411.66666666666663,93674.88888888949,369671.5593093296,84.93,1716.714243047612,1827.7995069523877,456.9498767380969
458,2058-03-01,4333.333333333333,703.8895833333332,411.66666666666663,93876.77777777838,371722.8154392096,84.93,2000.0,1544.51375,386.1284375
459,2058-04-01,4333.333333333333,703.8895833333332,411.66666666666663,94078.66666666727,373784.32784973894,84.93,2034.6226423067249,1509.891107693275,377.47277692331875
460,2058-05-01,4333.333333333333,703.8895833333332,411.66666666666663,94280.55555555616,375856.147822321,84.93,2000.0,1544.51375,386.1284375
461,2058-06-01,4333.333333333333,703.8895833333332,411.66666666666663,94482.44444444505,377938.32689476595,84.93,1759.9754789403976,1784.5382710596023,446.13456776490057
462,2058-07-01,4333.333333333333,703.8895833333332,411.66666666666663,94684.33333333394,380030.9168625731,84.93,2000.0,1544.51375,386.1284375
463,2058-08-01,4333.333333333333,703.8895833333332,411.66666666666663,94886.22222222283,382133.9697802193,84.93,1924.8991745240742,1619.6145754759254,404.90364386898136
464,2058-09-01,4333.333333333333,703.8895833333332,411.66666666666663,95088.11111111172,384247.53796245373,84.93,2000.0,1544.51375,386.1284375
465,2058-10-01,4333.333333333333,703.8895833333332,411.66666666666663,95290.00000000061,386371.67398559937,84.93,2000.0,1544.51375,386.1284375
466,2058-11-01,4333.333333333333,703.8895833333332,411.66666666666663,95491.8888888895,388506.4306888607,84.93,2349.1882368619786,1195.325513138021,298.83137828450526
467,2058-12-01,4333.333333333333,703.8895833333332,411.66666666666663,95693.77777777839,390651.86117563833,84.93,1851.5611705301026,1692.9525794698975,423.2381448674744
468,2059-01-01,0.0,0.0,0.0,95593.77777777839,390410.8704815165,0.0,1000.0,0.0,0.0
469,2059-02-01,0.0,0.0,0.0,95493.77777777839,390168.6748339241,0.0,1000.0,0.0,0.0
470,2059-03-01,0.0,0.0,0.0,95393.77777777839,389925.2682080937,0.0,1000.0,0.0,0.0
471,2059-04-01,0.0,0.0,0.0,95293.77777777839,389680.64454913413,0.0,946.8785983664422,0.0,0.0
472,2059-05-01,0.0,0.0,0.0,95193.77777777839,389434.79777187976,0.0,1000.0,0.0,0.0
473,2059-06-01,0.0,0.0,0.0,95093.77777777839,389187.72176073916,0.0,1000.0,0.0,0.0
474,2059-07-01,0.0,0.0,0.0,94993.77777777839,388939.41036954283,0.0,953.083376084058,0.0,0.0
475,2059-08-01,0.0,0.0,0.0,94893.77777777839,388689.85742139054,0.0,1000.0,0.0,0.0
476,2059-09-01,0.0,0.0,0.0,94793.77777777839,388439.05670849746,0.0,1000.0,0.0,0.0
477,2059-10-01,0.0,0.0,0.0,94693.77777777839,388187.0019920399,0.0,1000.0,0.0,0.0
478,2059-11-01,0.0,0.0,0.0,94593.77777777839,387933.6870020001,0.0,1000.0,0.0,0.0
479,2059-12-01,0.0,0.0,0.0,94493.77777777839,387679.10543701006,0.0,1170.0250833550629,0.0,0.0
480,2060-01-01,0.0,0.0,0.0,94393.77777777839,387423.2509641951,0.0,1000.0,0.0,0.0
481,2060-02-01,0.0,0.0,0.0,94293.77777777839,387166.1172190161,0.0,1000.0,0.0,0.0
482,2060-03-01,0.0,0.0,0.0,94193.77777777839,386907.6978051111,0.0,1000.0,0.0,0.0
483,2060-04-01,0.0,0.0,0.0,94093.77777777839,386647.9862941367,0.0,1000.0,0.0,0.0
484,2060-05-01,0.0,0.0,0.0,93993.77777777839,386386.97622560733,0.0,1001.860551572525,0.0,0.0
485,2060-06-01,0.0,0.0,0.0,93893.77777777839,386124.66110673535,0.0,878.9594816718267,0.0,0.0
486,2060-07-01,0.0,0.0,0.0,93793.77777777839,385861.034412269,0.0,990.112029049681,0.0,0.0
487,2060-08-01,0.0,0.0,0.0,93693.77777777839,385596.08958433033,0.0,1000.0,0.0,0.0
488,2060-09-01,0.0,0.0,0.0,93593.77777777839,385329.82003225194,0.0,1000.0,0.0,0.0
489,2060-10-01,0.0,0.0,0.0,93493.77777777839,385062.21913241316,0.0,1000.0,0.0,0.0
490,2060-11-01,0.0,0.0,0.0,93393.77777777839,384793.2802280752,0.0,1166.80290633939,0.0,0.0
491,2060-12-01,0.0,0.0,0.0,93293.77777777839,384522.9966292156,0.0,1015.4269116129877,0.0,0.0
492,2061-01-01,0.0,0.0,0.0,93193.77777777839,384251.3616123617,0.0,1000.0,0.0,0.0
493,2061-02-01,0.0,0.0,0.0,93093.77777777839,383978.3684204235,0.0,968.8048905550236,0.0,0.0
494,2061-03-01,0.0,0.0,0.0,92993.77777777839,383704.0102625256,0.0,1000.0,0.0,0.0
495,2061-04-01,0.0,0.0,0.0,92893.77777777839,383428.2803138382,0.0,1088.2312600710752,0.0,0.0
496,2061-05-01,0.0,0.0,0.0,92793.77777777839,383151.1717154074,0.0,1000.0,0.0,0.0
497,2061-06-01,0.0,0.0,0.0,92693.77777777839,382872.67757398443,0.0,1000.0,0.0,0.0
498,2061-07-01,0.0,0.0,0.0,92593.77777777839,382592.79096185433,0.0,873.0038886622859,0.0,0.0
499,2061-08-01,0.0,0.0,0.0,92493.77777777839,382311.5049166636,0.0,1000.0,0.0,0.0
500,2061-09-01,0.0,0.0,0.0,92393.77777777839,382028.8124412469,0.0,996.144859431245,0.0,0.0
501,2061-10-01,0.0,0.0,0.0,92293.77777777839,381744.7065034531,0.0,1013.9659555258562,0.0,0.0
502,2061-11-01,0.0,0.0,0.0,92193.77777777839,381459.18003597035,0.0,1000.0,0.0,0.0
503,2061-12-01,0.0,0.0,0.0,92093.77777777839,381172.2259361502,0.0,1086.0220562477764,0.0,0.0
504,2062-01-01,0.0,0.0,0.0,91993.77777777839,380883.8370658309,0.0,1000.0,0.0,0.0
505,2062-02-01,0.0,0.0,0.0,91893.77777777839,380594.00625116,0.0,962.4453145651637,0.0,0.0
506,2062-03-01,0.0,0.0,0.0,91793.77777777839,380302.7262824158,0.0,1000.0,0.0,0.0
507,2062-04-01,0.0,0.0,0.0,91693.77777777839,380009.98991382786,0.0,1000.0,0.0,0.0
508,2062-05-01,0.0,0.0,0.0,91593.77777777839,379715.78986339696,0.0,1171.2883200161089,0.0,0.0
509,2062-06-01,0.0,0.0,0.0,91493.77777777839,379420.11881271395,0.0,1001.5750317495933,0.0,0.0
510,2062-07-01,0.0,0.0,0.0,91393.77777777839,379122.96940677747,0.0,971.885123120605,0.0,0.0
511,2062-08-01,0.0,0.0,0.0,91293.77777777839,378824.33425381134,0.0,896.4177613953034,0.0,0.0
512,2062-09-01,0.0,0.0,0.0,91193.77777777839,378524.20592508034,0.0,1000.0,0.0,0.0
513,2062-10-01,0.0,0.0,0.0,91093.77777777839,378222.5769547057,0.0,1024.7400525077906,0.0,0.0
514,2062-11-01,0.0,0.0,0.0,90993.77777777839,377919.4398394792,0.0,1000.0,0.0,0.0
515,2062-12-01,0.0,0.0,0.0,90893.77777777839,377614.7870386766,0.0,1041.2939462850245,0.0,0.0
516,2063-01-01,0.0,0.0,0.0,90793.77777777839,377308.61097387,0.0,808.6082586818096,0.0,0.0
517,2063-02-01,0.0,0.0,0.0,90693.77777777839,377000.9040287393,0.0,811.1056606797342,0.0,0.0
518,2063-03-01,0.0,0.0,0.0,90593.77777777839,376691.658548883,0.0,879.4394453820014,0.0,0.0
519,2063-04-01,0.0,0.0,0.0,90493.77777777839,376380.8668416274,0.0,1072.0958114334549,0.0,0.0
520,2063-05-01,0.0,0.0,0.0,90393.77777777839,376068.5211758355,0.0,1000.0,0.0,0.0
521,2063-06-01,0.0,0.0,0.0,90293.77777777839,375754.6137817147,0.0,1136.8923035098333,0.0,0.0
522,2063-07-01,0.0,0.0,0.0,90193.77777777839,375439.13685062324,0.0,1000.0,0.0,0.0
523,2063-08-01,0.0,0.0,0.0,90093.77777777839,375122.08253487636,0.0,1068.1042315212012,0.0,0.0
524,2063-09-01,0.0,0.0,0.0,89993.77777777839,374803.44294755073,0.0,932.2888365521851,0.0,0.0
525,2063-10-01,0.0,0.0,0.0,89893.77777777839,374483.21016228845,0.0,1014.2648088654269,0.0,0.0
526,2063-11-01,0.0,0.0,0.0,89793.77777777839,374161.37621309987,0.0,830.4730782228926,0.0,0.0
527,2063-12-01,0.0,0.0,0.0,89693.77777777839,373837.93309416535,0.0,1049.5970095395749,0.0,0.0
528,2064-01-01,0.0,0.0,0.0,89593.77777777839,373512.87275963614,0.0,899.2088058538858,0.0,0.0
529,2064-02-01,0.0,0.0,0.0,89493.77777777839,373186.1871234343,0.0,1000.0,0.0,0.0
530,2064-03-01,0.0,0.0,0.0,89393.77777777839,372857.86805905146,0.0,1000.0,0.0,0.0
531,2064-04-01,0.0,0.0,0.0,89293.77777777839,372527.9073993467,0.0,1000.0,0.0,0.0
532,2064-05-01,0.0,0.0,0.0,89193.77777777839,372196.2969363434,0.0,1000.0,0.0,0.0
533,2064-06-01,0.0,0.0,0.0,89093.77777777839,371863.02842102514,0.0,1000.0,0.0,0.0
534,2064-07-01,0.0,0.0,0.0,88993.77777777839,371528.09356313024,0.0,1073.9880354444988,0.0,0.0
535,2064-08-01,0.0,0.0,0.0,88893.77777777839,371191.48403094587,0.0,943.1903531128013,0.0,0.0
536,2064-09-01,0.0,0.0,0.0,88793.77777777839,370853.1914511006,0.0,902.0389939687417,0.0,0.0
537,2064-10-01,0.0,0.0,0.0,88693.77777777839,370513.2074083561,0.0,1161.0216284046223,0.0,0.0
538,2064-11-01,0.0,0.0,0.0,88593.77777777839,370171.52344539785,0.0,1084.3531644184052,0.0,0.0
539,2064-12-01,0.0,0.0,0.0,88493.77777777839,369828.1310626248,0.0,1177.095859116044,0.0,0.0
540,2065-01-01,0.0,0.0,0.0,88393.77777777839,369483.0217179379,0.0,816.6522850181494,0.0,0.0
541,2065-02-01,0.0,0.0,0.0,88293.77777777839,369136.1868265276,0.0,1000.0,0.0,0.0
542,2065-03-01,0.0,0.0,0.0,88193.77777777839,368787.6177606602,0.0,1000.0,0.0,0.0
543,2065-04-01,0.0,0.0,0.0,88093.77777777839,368437.30584946345,0.0,1054.233250006248,0.0,0.0
544,2065-05-01,0.0,0.0,0.0,87993.77777777839,368085.24237871077,0.0,866.4096442904201,0.0,0.0
545,2065-06-01,0.0,0.0,0.0,87893.77777777839,367731.4185906043,0.0,1000.0,0.0,0.0
546,2065-07-01,0.0,0.0,0.0,87793.77777777839,367375.8256835573,0.0,812.913676247229,0.0,0.0
547,2065-08-01,0.0,0.0,0.0,87693.77777777839,367018.45481197507,0.0,1000.0,0.0,0.0
548,2065-09-01,0.0,0.0,0.0,87593.77777777839,366659.2970860349,0.0,1131.7395013972655,0.0,0.0
549,2065-10-01,0.0,0.0,0.0,87493.77777777839,366298.34357146505,0.0,1000.0,0.0,0.0
550,2065-11-01,0.0,0.0,0.0,87393.77777777839,365935.58528932236,0.0,1080.3035949147759,0.0,0.0
551,2065-12-01,0.0,0.0,0.0,87293.77777777839,365571.01321576897,0.0,1000.0,0.0,0.0
552,2066-01-01,0.0,0.0,0.0,87193.77777777839,365204.6182818478,0.0,1000.0,0.0,0.0
553,2066-02-01,0.0,0.0,0.0,87093.77777777839,364836.39137325704,0.0,847.2483193990153,0.0,0.0
554,2066-03-01,0.0,0.0,0.0,86993.77777777839,364466.3233301233,0.0,1000.0,0.0,0.0
555,2066-04-01,0.0,0.0,0.0,86893.77777777839,364094.40494677395,0.0,1000.0,0.0,0.0
556,2066-05-01,0.0,0.0,0.0,86793.77777777839,363720.6269715078,0.0,1000.0,0.0,0.0
557,2066-06-01,0.0,0.0,0.0,86693.77777777839,363344.98010636534,0.0,1000.0,0.0,0.0
558,2066-07-01,0.0,0.0,0.0,86593.77777777839,362967.45500689716,0.0,1000.0,0.0,0.0
559,2066-08-01,0.0,0.0,0.0,86493.77777777839,362588.0422819316,0.0,1000.0,0.0,0.0
560,2066-09-01,0.0,0.0,0.0,86393.77777777839,362206.73249334126,0.0,1000.0,0.0,0.0
561,2066-10-01,0.0,0.0,0.0,86293.77777777839,361823.51615580794,0.0,965.4566420917445,0.0,0.0
562,2066-11-01,0.0,0.0,0.0,86193.77777777839,361438.38373658695,0.0,1000.0,0.0,0.0
563,2066-12-01,0.0,0.0,0.0,86093.77777777839,361051.32565526984,0.0,1000.0,0.0,0.0
564,2067-01-01,0.0,0.0,0.0,85993.77777777839,360662.33228354616,0.0,1000.0,0.0,0.0
565,2067-02-01,0.0,0.0,0.0,85893.77777777839,360271.3939449639,0.0,1008.7027978720779,0.0,0.0
566,2067-03-01,0.0,0.0,0.0,85793.77777777839,359878.5009146887,0.0,1000.0,0.0,0.0
567,2067-04-01,0.0,0.0,0.0,85693.77777777839,359483.64341926214,0.0,1000.0,0.0,0.0
568,2067-05-01,0.0,0.0,0.0,85593.77777777839,359086.81163635844,0.0,1139.4107168732166,0.0,0.0
569,2067-06-01,0.0,0.0,0.0,85493.77777777839,358687.9956945402,0.0,1098.1854771429594,0.0,0.0
570,2067-07-01,0.0,0.0,0.0,85393.77777777839,358287.18567301286,0.0,842.4948280382337,0.0,0.0
571,2067-08-01,0.0,0.0,0.0,85293.77777777839,357884.3716013779,0.0,1134.997843750312,0.0,0.0
572,2067-09-01,0.0,0.0,0.0,85193.77777777839,357479.54345938476,0.0,807.1891516938338,0.0,0.0
573,2067-10-01,0.0,0.0,0.0,85093.77777777839,357072.69117668166,0.0,983.8630929680795,0.0,0.0
574,2067-11-01,0.0,0.0,0.0,84993.77777777839,356663.80463256506,0.0,1000.0,0.0,0.0
575,2067-12-01,0.0,0.0,0.0,84893.77777777839,356252.8736557279,0.0,1000.0,0.0,0.0
576,2068-01-01,0.0,0.0,0.0,84793.77777777839,355839.8880240065,0.0,1000.0,0.0,0.0
577,2068-02-01,0.0,0.0,0.0,84693.77777777839,355424.8374641265,0.0,823.0240332802554,0.0,0.0
578,2068-03-01,0.0,0.0,0.0,84593.77777777839,355007.7116514471,0.0,1000.0,0.0,0.0
579,2068-04-01,0.0,0.0,0.0,84493.77777777839,354588.50020970433,0.0,1000.0,0.0,0.0
580,2068-05-01,0.0,0.0,0.0,84393.77777777839,354167.19271075283,0.0,1000.0,0.0,0.0
581,2068-06-01,0.0,0.0,0.0,84293.77777777839,353743.7786743066,0.0,1000.0,0.0,0.0
582,2068-07-01,0.0,0.0,0.0,84193.77777777839,353318.2475676781,0.0,1000.0,0.0,0.0
583,2068-08-01,0.0,0.0,0.0,84093.77777777839,352890.5888055165,0.0,818.068768660666,0.0,0.0
584,2068-09-01,0.0,0.0,0.0,83993.77777777839,352460.79174954403,0.0,1000.0,0.0,0.0
585,2068-10-01,0.0,0.0,0.0,83893.77777777839,352028.84570829174,0.0,1000.0,0.0,0.0
586,2068-11-01,0.0,0.0,0.0,83793.77777777839,351594.7399368332,0.0,1155.1575598809347,0.0,0.0
587,2068-12-01,0.0,0.0,0.0,83693.77777777839,351158.46363651735,0.0,1064.456020346741,0.0,0.0
588,2069-01-01,0.0,0.0,0.0,83593.77777777839,350720.00595469994,0.0,1000.0,0.0,0.0
589,2069-02-01,0.0,0.0,0.0,83493.77777777839,350279.3559844734,0.0,1006.8425807459729,0.0,0.0
590,2069-03-01,0.0,0.0,0.0,83393.77777777839,349836.5027643958,0.0,849.7339915676416,0.0,0.0
591,2069-04-01,0.0,0.0,0.0,83293.77777777839,349391.4352782178,0.0,1000.0,0.0,0.0
592,2069-05-01,0.0,0.0,0.0,83193.77777777839,348944.14245460887,0.0,1000.0,0.0,0.0
593,2069-06-01,0.0,0.0,0.0,83093.77777777839,348494.6131668819,0.0,1000.0,0.0,0.0
594,2069-07-01,0.0,0.0,0.0,82993.77777777839,348042.8362327163,0.0,1000.0,0.0,0.0
595,2069-08-01,0.0,0.0,0.0,82893.77777777839,347588.80041387986,0.0,1000.0,0.0,0.0
596,2069-09-01,0.0,0.0,0.0,82793.77777777839,347132.4944159492,0.0,877.476326598389,0.0,0.0
597,2069-10-01,0.0,0.0,0.0,82693.77777777839,346673.90688802896,0.0,1000.0,0.0,0.0
598,2069-11-01,0.0,0.0,0.0,82593.77777777839,346213.02642246906,0.0,1142.0276090798861,0.0,0.0
599,2069-12-01,0.0,0.0,0.0,82493.77777777839,345749.84155458136,0.0,1111.0800653518904,0.0,0.0
600,2070-01-01,0.0,0.0,0.0,82393.77777777839,345284.34076235426,0.0,1000.0,0.0,0.0
601,2070-02-01,0.0,0.0,0.0,82293.77777777839,344816.512466166,0.0,1028.9036373713013,0.0,0.0
602,2070-03-01,0.0,0.0,0.0,82193.77777777839,344346.3450284968,0.0,802.9895820613002,0.0,0.0
603,2070-04-01,0.0,0.0,0.0,82093.77777777839,343873.82675363927,0.0,1196.620288986319,0.0,0.0
604,2070-05-01,0.0,0.0,0.0,81993.77777777839,343398.94588740746,0.0,1000.0,0.0,0.0
605,2070-06-01,0.0,0.0,0.0,81893.77777777839,342921.69061684445,0.0,1189.595418491324,0.0,0.0
606,2070-07-01,0.0,0.0,0.0,81793.77777777839,342442.04906992865,0.0,1000.0,0.0,0.0
607,2070-08-01,0.0,0.0,0.0,81693.77777777839,341960.00931527826,0.0,1153.617279637975,0.0,0.0
608,2070-09-01,0.0,0.0,0.0,81593.77777777839,341475.5593618546,0.0,934.2408486803575,0.0,0.0
609,2070-10-01,0.0,0.0,0.0,81493.77777777839,340988.6871586639,0.0,985.253306476677,0.0,0.0
610,2070-11-01,0.0,0.0,0.0,81393.77777777839,340499.38059445715,0.0,1000.0,0.0,0.0
611,2070-12-01,0.0,0.0,0.0,81293.77777777839,340007.62749742944,0.0,1186.925753082995,0.0,0.0
612,2071-01-01,0.0,0.0,0.0,81193.77777777839,339513.4156349166,0.0,1000.0,0.0,0.0
613,2071-02-01,0.0,0.0,0.0,81093.77777777839,339016.7327130911,0.0,801.5671834666423,0.0,0.0
614,2071-03-01,0.0,0.0,0.0,80993.77777777839,338517.5663766566,0.0,1000.0,0.0,0.0
615,2071-04-01,0.0,0.0,0.0,80893.77777777839,338015.90420853987,0.0,1000.0,0.0,0.0
616,2071-05-01,0.0,0.0,0.0,80793.77777777839,337511.7337295826,0.0,1045.911134585926,0.0,0.0
617,2071-06-01,0.0,0.0,0.0,80693.77777777839,337005.04239823046,0.0,1000.0,0.0,0.0
618,2071-07-01,0.0,0.0,0.0,80593.77777777839,336495.8176102216,0.0,1000.0,0.0,0.0
619,2071-08-01,0.0,0.0,0.0,80493.77777777839,335984.0466982727,0.0,1027.7569086460305,0.0,0.0
620,2071-09-01,0.0,0.0,0.0,80393.77777777839,335469.71693176404,0.0,832.0480404122383,0.0,0.0
621,2071-10-01,0.0,0.0,0.0,80293.77777777839,334952.81551642285,0.0,1000.0,0.0,0.0
622,2071-11-01,0.0,0.0,0.0,80193.77777777839,334433.32959400496,0.0,1000.0,0.0,0.0
623,2071-12-01,0.0,0.0,0.0,80093.77777777839,333911.246241975,0.0,1000.0,0.0,0.0
624,2072-01-01,0.0,0.0,0.0,79993.77777777839,333386.5524731848,0.0,1000.0,0.0,0.0
625,2072-02-01,0.0,0.0,0.0,79893.77777777839,332859.23523555073,0.0,953.3701151879748,0.0,0.0
626,2072-03-01,0.0,0.0,0.0,79793.77777777839,332329.2814117285,0.0,1000.0,0.0,0.0
627,2072-04-01,0.0,0.0,0.0,79693.77777777839,331796.6778187871,0.0,1060.7884106874483,0.0,0.0
628,2072-05-01,0.0,0.0,0.0,79593.77777777839,331261.41120788106,0.0,1000.0,0.0,0.0
629,2072-06-01,0.0,0.0,0.0,79493.77777777839,330723.46826392045,0.0,1000.0,0.0,0.0
630,2072-07-01,0.0,0.0,0.0,79393.77777777839,330182.83560524,0.0,1000.0,0.0,0.0
631,2072-08-01,0.0,0.0,0.0,79293.77777777839,329639.4997832662,0.0,1000.0,0.0,0.0
632,2072-09-01,0.0,0.0,0.0,79193.77777777839,329093.4472821825,0.0,1173.6796157578888,0.0,0.0
633,2072-10-01,0.0,0.0,0.0,79093.77777777839,328544.6645185934,0.0,1000.0,0.0,0.0
634,2072-11-01,0.0,0.0,0.0,78993.77777777839,327993.13784118637,0.0,1000.0,0.0,0.0
635,2072-12-01,0.0,0.0,0.0,78893.77777777839,327438.8535303923,0.0,861.7096740344093,0.0,0.0
636,2073-01-01,0.0,0.0,0.0,78793.77777777839,326881.7977980442,0.0,1000.0,0.0,0.0
637,2073-02-01,0.0,0.0,0.0,78693.77777777839,326321.9567870344,0.0,1196.3412318617497,0.0,0.0
638,2073-03-01,0.0,0.0,0.0,78593.77777777839,325759.3165709696,0.0,1045.957420787993,0.0,0.0
639,2073-04-01,0.0,0.0,0.0,78493.77777777839,325193.8631538244,0.0,975.1246329270439,0.0,0.0
640,2073-05-01,0.0,0.0,0.0,78393.77777777839,324625.5824695935,0.0,1000.0,0.0,0.0
641,2073-06-01,0.0,0.0,0.0,78293.77777777839,324054.46038194146,0.0,935.4770365200523,0.0,0.0
642,2073-07-01,0.0,0.0,0.0,78193.77777777839,323480.48268385115,0.0,857.5170466462482,0.0,0.0
643,2073-08-01,0.0,0.0,0.0,78093.77777777839,322903.63509727037,0.0,1000.0,0.0,0.0
644,2073-09-01,0.0,0.0,0.0,77993.77777777839,322323.9032727567,0.0,875.3620262955077,0.0,0.0
645,2073-10-01,0.0,0.0,0.0,77893.77777777839,321741.2727891205,0.0,962.9619255502971,0.0,0.0
646,2073-11-01,0.0,0.0,0.0,77793.77777777839,321155.72915306606,0.0,994.3452625042738,0.0,0.0
647,2073-12-01,0.0,0.0,0.0,77693.77777777839,320567.2577988314,0.0,882.895799810364,0.0,0.0
